bloque,regimen,rango,empresa,n,pct,pct_acum,n_empresas
empresa,historico,1,"EQUIFAX, INC.",817318,21.2999,21.2999,1
empresa,historico,2,"TRANSUNION INTERMEDIATE HOLDINGS, INC.",775030,20.1979,41.4978,1
empresa,historico,3,Experian Information Solutions Inc.,737722,19.2256,60.7234,1
empresa,historico,4,CAPITAL ONE FINANCIAL CORPORATION,70826,1.8458,62.5692,1
empresa,historico,5,JPMORGAN CHASE & CO.,65005,1.6941,64.2633,1
empresa,historico,6,WELLS FARGO & COMPANY,60724,1.5825,65.8458,1
empresa,historico,7,"BANK OF AMERICA, NATIONAL ASSOCIATION",58743,1.5309,67.3767,1
empresa,historico,8,"CITIBANK, N.A.",55558,1.4479,68.8246,1
empresa,historico,9,"Block, Inc.",48634,1.2674,70.092,1
empresa,historico,10,SYNCHRONY FINANCIAL,35130,0.9155,71.0075,1
empresa,historico,11,AMERICAN EXPRESS COMPANY,25266,0.6585,71.666,1
empresa,historico,12,Resurgent Capital Services L.P.,23377,0.6092,72.2752,1
empresa,historico,13,"Paypal Holdings, Inc",22388,0.5834,72.8587,1
empresa,historico,14,NAVY FEDERAL CREDIT UNION,22316,0.5816,73.4402,1
empresa,historico,15,"Portfolio Recovery Associates, LLC",21644,0.5641,74.0043,1
empresa,historico,16,"Early Warning Services, LLC",21365,0.5568,74.5611,1
empresa,historico,17,ENCORE CAPITAL GROUP INC.,21187,0.5521,75.1132,1
empresa,historico,18,"Navient Solutions, LLC.",20794,0.5419,75.6551,1
empresa,historico,19,"Bread Financial Holdings, Inc.",20727,0.5402,76.1953,1
empresa,historico,20,U.S. BANCORP,19190,0.5001,76.6954,1
empresa,historico,21,DISCOVER BANK,18681,0.4868,77.1823,1
empresa,historico,22,Chime Financial Inc,15933,0.4152,77.5975,1
empresa,historico,23,CL Holdings LLC,14696,0.383,77.9805,1
empresa,historico,24,TD BANK US HOLDING COMPANY,14359,0.3742,78.3547,1
empresa,historico,25,MOHELA,13449,0.3505,78.7052,1
curva,historico,1,,,,21.2999,1
curva,historico,2,,,,41.4978,2
curva,historico,3,,,,60.7234,3
curva,historico,4,,,,62.5692,4
curva,historico,5,,,,64.2633,5
curva,historico,6,,,,65.8458,6
curva,historico,7,,,,67.3767,7
curva,historico,8,,,,68.8246,8
curva,historico,9,,,,70.092,9
curva,historico,10,,,,71.0075,10
curva,historico,11,,,,71.666,11
curva,historico,12,,,,72.2752,12
curva,historico,13,,,,72.8587,13
curva,historico,14,,,,73.4402,14
curva,historico,15,,,,74.0043,15
curva,historico,16,,,,74.5611,16
curva,historico,18,,,,75.6551,18
curva,historico,19,,,,76.1953,19
curva,historico,20,,,,76.6954,20
curva,historico,22,,,,77.5975,22
curva,historico,24,,,,78.3547,24
curva,historico,25,,,,78.7052,25
curva,historico,27,,,,79.3391,27
curva,historico,30,,,,80.2571,30
curva,historico,32,,,,80.7997,32
curva,historico,34,,,,81.2921,34
curva,historico,37,,,,81.9646,37
curva,historico,40,,,,82.6134,40
curva,historico,43,,,,83.1681,43
curva,historico,46,,,,83.6638,46
curva,historico,49,,,,84.1292,49
curva,historico,50,,,,84.2811,50
curva,historico,53,,,,84.716,53
curva,historico,57,,,,85.2294,57
curva,historico,62,,,,85.7765,62
curva,historico,66,,,,86.1911,66
curva,historico,71,,,,86.685,71
curva,historico,77,,,,87.2339,77
curva,historico,83,,,,87.7378,83
curva,historico,89,,,,88.2097,89
curva,historico,96,,,,88.696,96
curva,historico,100,,,,88.9498,100
curva,historico,103,,,,89.1316,103
curva,historico,111,,,,89.5878,111
curva,historico,119,,,,89.9945,119
curva,historico,129,,,,90.457,129
curva,historico,138,,,,90.8421,138
curva,historico,149,,,,91.2738,149
curva,historico,160,,,,91.6677,160
curva,historico,172,,,,92.0612,172
curva,historico,186,,,,92.4892,186
curva,historico,200,,,,92.8736,200
curva,historico,215,,,,93.2314,215
curva,historico,232,,,,93.5937,232
curva,historico,249,,,,93.9095,249
curva,historico,250,,,,93.927,250
curva,historico,268,,,,94.229,268
curva,historico,289,,,,94.5415,289
curva,historico,311,,,,94.8329,311
curva,historico,334,,,,95.1034,334
curva,historico,360,,,,95.3805,360
curva,historico,388,,,,95.6505,388
curva,historico,417,,,,95.9017,417
curva,historico,449,,,,96.1491,449
curva,historico,483,,,,96.3825,483
curva,historico,500,,,,96.4891,500
curva,historico,520,,,,96.6074,520
curva,historico,560,,,,96.8232,560
curva,historico,603,,,,97.0301,603
curva,historico,649,,,,97.2279,649
curva,historico,698,,,,97.4184,698
curva,historico,751,,,,97.5981,751
curva,historico,809,,,,97.7749,809
curva,historico,871,,,,97.9463,871
curva,historico,937,,,,98.1105,937
curva,historico,1000,,,,98.2528,1000
curva,historico,1009,,,,98.2718,1009
curva,historico,1086,,,,98.4245,1086
curva,historico,1168,,,,98.5658,1168
curva,historico,1258,,,,98.7019,1258
curva,historico,1354,,,,98.8275,1354
curva,historico,1457,,,,98.9431,1457
curva,historico,1568,,,,99.0498,1568
curva,historico,1688,,,,99.1492,1688
curva,historico,1817,,,,99.2423,1817
curva,historico,1956,,,,99.3285,1956
curva,historico,2105,,,,99.4067,2105
curva,historico,2266,,,,99.4808,2266
curva,historico,2439,,,,99.5486,2439
curva,historico,2500,,,,99.5704,2500
curva,historico,2625,,,,99.6116,2625
curva,historico,2825,,,,99.6696,2825
curva,historico,3041,,,,99.7228,3041
curva,historico,3273,,,,99.7701,3273
curva,historico,3523,,,,99.8121,3523
curva,historico,3792,,,,99.8489,3792
curva,historico,4081,,,,99.88,4081
curva,historico,4393,,,,99.9062,4393
curva,historico,4728,,,,99.9289,4728
curva,historico,5000,,,,99.9431,5000
curva,historico,5089,,,,99.9477,5089
curva,historico,5478,,,,99.9647,5478
curva,historico,5896,,,,99.9756,5896
curva,historico,6346,,,,99.9874,6346
curva,historico,6831,,,,100.0,6831
cola,historico,1,0-9,11699,0.3049,,3908
cola,historico,2,10-99,66402,1.7305,,2045
cola,historico,3,100-999,197344,5.1429,,680
cola,historico,4,1 000-9 999,471078,12.2767,,167
cola,historico,5,10 000+,3090661,80.545,,31
empresa,2023_2025,1,"EQUIFAX, INC.",625008,24.7641,24.7641,1
empresa,2023_2025,2,"TRANSUNION INTERMEDIATE HOLDINGS, INC.",609083,24.1331,48.8972,1
empresa,2023_2025,3,Experian Information Solutions Inc.,575872,22.8172,71.7144,1
empresa,2023_2025,4,"Block, Inc.",42270,1.6748,73.3892,1
empresa,2023_2025,5,CAPITAL ONE FINANCIAL CORPORATION,35777,1.4176,74.8067,1
empresa,2023_2025,6,JPMORGAN CHASE & CO.,29946,1.1865,75.9933,1
empresa,2023_2025,7,WELLS FARGO & COMPANY,27932,1.1067,77.1,1
empresa,2023_2025,8,"BANK OF AMERICA, NATIONAL ASSOCIATION",23786,0.9424,78.0424,1
empresa,2023_2025,9,"CITIBANK, N.A.",21917,0.8684,78.9108,1
empresa,2023_2025,10,"Early Warning Services, LLC",19491,0.7723,79.6831,1
empresa,2023_2025,11,NAVY FEDERAL CREDIT UNION,16119,0.6387,80.3218,1
empresa,2023_2025,12,Resurgent Capital Services L.P.,15498,0.6141,80.9358,1
empresa,2023_2025,13,SYNCHRONY FINANCIAL,15443,0.6119,81.5477,1
empresa,2023_2025,14,AMERICAN EXPRESS COMPANY,12489,0.4948,82.0426,1
empresa,2023_2025,15,MOHELA,11276,0.4468,82.4893,1
empresa,2023_2025,16,ENCORE CAPITAL GROUP INC.,10818,0.4286,82.918,1
empresa,2023_2025,17,Chime Financial Inc,10709,0.4243,83.3423,1
empresa,2023_2025,18,"Paypal Holdings, Inc",10088,0.3997,83.742,1
empresa,2023_2025,19,"Portfolio Recovery Associates, LLC",9826,0.3893,84.1313,1
empresa,2023_2025,20,"Bread Financial Holdings, Inc.",9501,0.3764,84.5078,1
empresa,2023_2025,21,CL Holdings LLC,9202,0.3646,84.8724,1
empresa,2023_2025,22,DISCOVER BANK,9189,0.3641,85.2364,1
empresa,2023_2025,23,LEXISNEXIS,8196,0.3247,85.5612,1
empresa,2023_2025,24,U.S. BANCORP,7640,0.3027,85.8639,1
empresa,2023_2025,25,"Nelnet, Inc.",7228,0.2864,86.1503,1
curva,2023_2025,1,,,,24.7641,1
curva,2023_2025,2,,,,48.8972,2
curva,2023_2025,3,,,,71.7144,3
curva,2023_2025,4,,,,73.3892,4
curva,2023_2025,5,,,,74.8067,5
curva,2023_2025,6,,,,75.9933,6
curva,2023_2025,7,,,,77.1,7
curva,2023_2025,8,,,,78.0424,8
curva,2023_2025,9,,,,78.9108,9
curva,2023_2025,10,,,,79.6831,10
curva,2023_2025,11,,,,80.3218,11
curva,2023_2025,12,,,,80.9358,12
curva,2023_2025,13,,,,81.5477,13
curva,2023_2025,14,,,,82.0426,14
curva,2023_2025,15,,,,82.4893,15
curva,2023_2025,16,,,,82.918,16
curva,2023_2025,18,,,,83.742,18
curva,2023_2025,19,,,,84.1313,19
curva,2023_2025,20,,,,84.5078,20
curva,2023_2025,22,,,,85.2364,22
curva,2023_2025,23,,,,85.5612,23
curva,2023_2025,25,,,,86.1503,25
curva,2023_2025,27,,,,86.6576,27
curva,2023_2025,29,,,,87.1349,29
curva,2023_2025,31,,,,87.5688,31
curva,2023_2025,33,,,,87.9619,33
curva,2023_2025,35,,,,88.3208,35
curva,2023_2025,38,,,,88.8155,38
curva,2023_2025,41,,,,89.2912,41
curva,2023_2025,43,,,,89.5844,43
curva,2023_2025,47,,,,90.1117,47
curva,2023_2025,50,,,,90.4634,50
curva,2023_2025,54,,,,90.91,54
curva,2023_2025,57,,,,91.1723,57
curva,2023_2025,62,,,,91.5784,62
curva,2023_2025,66,,,,91.8702,66
curva,2023_2025,71,,,,92.2015,71
curva,2023_2025,76,,,,92.5181,76
curva,2023_2025,82,,,,92.8591,82
curva,2023_2025,87,,,,93.1175,87
curva,2023_2025,94,,,,93.4574,94
curva,2023_2025,100,,,,93.7251,100
curva,2023_2025,101,,,,93.7671,101
curva,2023_2025,108,,,,94.0452,108
curva,2023_2025,116,,,,94.342,116
curva,2023_2025,124,,,,94.6217,124
curva,2023_2025,133,,,,94.9024,133
curva,2023_2025,143,,,,95.1769,143
curva,2023_2025,153,,,,95.4184,153
curva,2023_2025,164,,,,95.6623,164
curva,2023_2025,176,,,,95.8996,176
curva,2023_2025,189,,,,96.1273,189
curva,2023_2025,202,,,,96.3237,202
curva,2023_2025,217,,,,96.5268,217
curva,2023_2025,232,,,,96.7122,232
curva,2023_2025,249,,,,96.9037,249
curva,2023_2025,250,,,,96.9142,250
curva,2023_2025,267,,,,97.0797,267
curva,2023_2025,287,,,,97.2475,287
curva,2023_2025,307,,,,97.4,307
curva,2023_2025,330,,,,97.5589,330
curva,2023_2025,354,,,,97.7073,354
curva,2023_2025,379,,,,97.8468,379
curva,2023_2025,407,,,,97.9866,407
curva,2023_2025,436,,,,98.1184,436
curva,2023_2025,467,,,,98.2435,467
curva,2023_2025,500,,,,98.3616,500
curva,2023_2025,501,,,,98.365,501
curva,2023_2025,538,,,,98.482,538
curva,2023_2025,576,,,,98.5888,576
curva,2023_2025,618,,,,98.6944,618
curva,2023_2025,663,,,,98.7971,663
curva,2023_2025,711,,,,98.8968,711
curva,2023_2025,762,,,,98.99,762
curva,2023_2025,817,,,,99.0764,817
curva,2023_2025,877,,,,99.158,877
curva,2023_2025,940,,,,99.2342,940
curva,2023_2025,1000,,,,99.2989,1000
curva,2023_2025,1008,,,,99.3072,1008
curva,2023_2025,1081,,,,99.3761,1081
curva,2023_2025,1159,,,,99.4407,1159
curva,2023_2025,1243,,,,99.5012,1243
curva,2023_2025,1333,,,,99.5567,1333
curva,2023_2025,1429,,,,99.6081,1429
curva,2023_2025,1533,,,,99.6556,1533
curva,2023_2025,1644,,,,99.6987,1644
curva,2023_2025,1763,,,,99.739,1763
curva,2023_2025,1890,,,,99.7758,1890
curva,2023_2025,2027,,,,99.8089,2027
curva,2023_2025,2174,,,,99.8388,2174
curva,2023_2025,2331,,,,99.8653,2331
curva,2023_2025,2500,,,,99.8891,2500
curva,2023_2025,2680,,,,99.9105,2680
curva,2023_2025,2874,,,,99.927,2874
curva,2023_2025,3082,,,,99.9435,3082
curva,2023_2025,3305,,,,99.9578,3305
curva,2023_2025,3545,,,,99.9673,3545
curva,2023_2025,3801,,,,99.9774,3801
curva,2023_2025,4076,,,,99.9883,4076
curva,2023_2025,4371,,,,100.0,4371
cola,2023_2025,1,0-9,7892,0.3127,,2759
cola,2023_2025,2,10-99,37605,1.49,,1157
cola,2023_2025,3,100-999,107692,4.267,,350
cola,2023_2025,4,1 000-9 999,257139,10.1884,,87
cola,2023_2025,5,10 000+,2113522,83.742,,18
