cluster_id,fit_rows,unique_text_fraction,dominant_template_fraction,main_product,main_product_fraction,median_distance,p95_distance,representative_terms
0,1947,0.021058038007190548,0.5850025680534156,Credit reporting or other personal consumer reports,0.8418079096045198,3.7577164,11.443771362304688,"disputes, submitting disputes, getting inaccurate, send disputes, bureaus having, disputes getting, tried send, information corrected, corrected credit, difficulties submitting"
1,5995,0.08673894912427023,0.15679733110925773,Credit reporting or other personal consumer reports,0.857881567973311,11.006571,12.392471313476562,"100, credit, 100 accurate, reporting 100, credit report, accurate, report, accounts, did, reporting"
2,8520,0.08626760563380281,0.2221830985915493,Credit reporting or other personal consumer reports,0.9834507042253521,9.997383,13.072067260742188,"section, information, consumer, 15, reporting, items, agency, reporting agency, 1681, states"
3,35532,0.5305077113587752,0.015450861195542046,Credit reporting or other personal consumer reports,0.8856523696949229,2.117268,12.898558616638184,"redacted, redacted redacted, account, credit, information, consumer, reporting, report, fcra, credit report"
4,13290,0.31331828442437926,0.06463506395786306,Credit reporting or other personal consumer reports,0.9790067720090293,5.3163137,13.40846061706543,"redacted redacted, redacted, validate, erroneous, credit, authorized fail, proof period, period allowed, allowed law, file listed"
5,9474,0.06206459784673844,0.20097107874181971,Credit reporting or other personal consumer reports,0.850538315389487,11.07191,13.245357513427734,"consumer, 15, section, states, reporting, report, reporting agency, 1681, consumer reporting, credit"
6,13745,0.4069116042197163,0.09181520552928338,Credit reporting or other personal consumer reports,0.9965805747544562,5.9168053,13.137636184692383,"redacted redacted, redacted, redacted balance, 00 redacted, balance, 00, records, complain question, question specific, coming wrongdoing"
7,11531,0.14985690746682856,0.10484780157835401,Credit reporting or other personal consumer reports,0.9327898707831064,10.241365,13.641352653503418,"redacted redacted, redacted, report, credit, disputes, accounts, credit report, verify, 3rd party, information"
8,119770,0.9522083994322451,0.013425732654253987,Checking or savings account,0.38827753193621106,0.98323286,1.9805919468402837,"bank, card, account, redacted, 00, told, money, called, funds, check"
9,2670,0.050187265917602995,0.17191011235955056,Credit reporting or other personal consumer reports,0.851310861423221,9.750835,12.564420700073242,"complaint, party, complaint error, party involved, involved, reported, error, involved filing, complaint complaint, redacted party"
10,9158,0.1866127975540511,0.10493557545315571,Credit reporting or other personal consumer reports,0.9710635509936667,10.760934,13.07721996307373,"redacted redacted, redacted, report, credit, credit report, consent, complaint, erroneous information, reports, written consent"
11,97126,0.6705413586475301,0.0031505467125177602,Credit reporting or other personal consumer reports,0.9697609291024031,1.826222,7.21506404876709,"redacted redacted, redacted, 00, 00 redacted, redacted balance, balance, credit, inquiries, items, remove"
12,86363,0.8797054294084272,0.0033231823813438623,Debt collection,0.5520072253163971,0.97694385,1.9072715640068052,"debt, collection, redacted, redacted redacted, account, company, alleged, credit, collect, validation"
13,97382,0.8807685198496642,0.008492329177876816,Credit reporting or other personal consumer reports,0.37312850424103017,1.0956136,2.81130051612854,"loan, redacted, mortgage, payment, redacted redacted, told, payments, 00, paid, account"
14,176716,0.8049921908599108,0.0020371669797867764,Credit reporting or other personal consumer reports,0.93913963647887,1.2479901,2.8860865235328674,"redacted, redacted redacted, account, credit, report, information, credit report, reporting, fcra, consumer"
15,7597,0.005001974463604055,0.6134000263261814,Credit reporting or other personal consumer reports,0.9752533894958536,1.931484,12.545068740844727,"letters, bureaus continuously, far gotten, happened mailed, continuously far, really sure, sure happened, involved review, gotten response, mailed letters"
16,9342,0.03296938557054164,0.2729608220937701,Credit reporting or other personal consumer reports,0.9613573110682937,11.907761,13.44932746887207,"consumer, 15, section, reporting agency, 1681, reporting, states, consumer reporting, agency, information"
17,71113,0.5565086552388452,0.015665208892888784,Credit reporting or other personal consumer reports,0.9367485551165047,1.6828059,12.874988555908203,"redacted account, account, account redacted, section, redacted, redacted redacted, 15, 1681, states, consumer"
18,10792,0.23563750926612306,0.05559673832468495,Credit reporting or other personal consumer reports,0.8844514455151964,8.690255,13.133777618408203,"redacted redacted, redacted, permitted, legitimate activity, report, legitimate, activity, credit report, credit, redacted balance"
19,63214,0.3690479956971557,0.014632834498687,Credit reporting or other personal consumer reports,0.910889992723131,1.6917694,11.566595077514648,"credit, credit report, report, redacted redacted, redacted, identity, accounts, inquiries, theft, identity theft"
20,3371,0.027884900622960545,0.4752299021061999,Credit reporting or other personal consumer reports,0.9899139721150993,9.357084,13.266651153564453,"consumer reports, consent, reports, consumer, consent fraud, reports consent, reports gave, gave written, consent report, purposes consumer"
21,4109,0.01825261620832319,0.5616938427841324,Credit reporting or other personal consumer reports,0.56607447067413,3.301329,12.454324722290039,"start investigation, bureau start, documents want, want bureau, start, investigation accounts, accounts late, reporting late, late, attached documents"
22,12879,0.2074695240313689,0.16313378367885706,Credit reporting or other personal consumer reports,0.9597018402049848,9.836729,13.68035888671875,"redacted redacted, redacted, law, written requests, violation federal, requests, items, federal law, consumer, accounts"
23,6407,0.05072576869049477,0.14312470735133448,Credit reporting or other personal consumer reports,0.9578585921648197,9.978854,13.578248977661133,"15, consumer, agency, section, reporting, reporting agency, 1681, states, consumer reporting, information"
24,9733,0.14034727216685502,0.09709236617692386,Credit reporting or other personal consumer reports,0.8436247816706052,10.424185,13.98192310333252,"redacted redacted, items, redacted, stress, accounts, unseen, identity, disputed items, remove, stolen"
25,14204,0.32765418192058576,0.08349760630808223,Credit reporting or other personal consumer reports,0.9741622078287806,8.284781,12.478822422027587,"sections 609, sections, 609 611, 609, redacted, 611, redacted redacted, redacted balance, balance, 00"
26,11256,0.15724946695095948,0.15662757640369582,Credit reporting or other personal consumer reports,0.912046908315565,9.699112,13.91528034210205,"accounts, credit, report, credit report, information, 15, consumer, accounts credit, reporting, fcra 605b"
27,8018,0.13195310551259665,0.23110501371913195,Credit reporting or other personal consumer reports,0.9920179595909204,9.292637,12.992684364318848,"redacted redacted, redacted, report, credit report, inquiry credit, fraud inquiry, remove fraud, theft remove, theft, information"
28,6960,0.10272988505747127,0.12126436781609196,Credit reporting or other personal consumer reports,0.7964080459770115,10.001029,13.296957969665527,"accounts, report, debt, credit, 15, code, credit report, consumer, 15 code, inaccurate"
29,9166,0.192559458869736,0.11957233253327515,Credit reporting or other personal consumer reports,0.9765437486362645,9.111869,13.285523414611816,"identity, theft, identity theft, redacted redacted, redacted, items, federal, federal trade, trade, report"
30,21597,0.31559938880400057,0.03268972542482752,Credit reporting or other personal consumer reports,0.8657220910311617,5.010732,13.563248634338379,"payment, late, payments, creditor, mailed delivered, periodic, delivered, periodic statement, 1637, 21 days"
31,8060,0.02791563275434243,0.43498759305210916,Credit reporting or other personal consumer reports,0.7771712158808933,10.820849,13.234893798828125,"need reporting, reporting correction, correction company, identified inaccurate, inaccurate accounts, reviewing credit, report identified, accounts need, reviewing, identified"
32,9040,0.1586283185840708,0.1413716814159292,Credit reporting or other personal consumer reports,0.9545353982300885,9.896432,13.19579029083252,"redacted redacted, redacted, credit, late payment, section, consumer, 15, verify, information, 1681"
33,7051,0.01829527726563608,0.4314281662175578,Credit reporting or other personal consumer reports,0.884697206070061,10.776923,12.812517166137695,"payments, updated records, consistently maintained, precise updated, seeking precise, reflect timely, perplexing discover, maintained time, records accurately, payments perplexing"
34,6530,0.003981623277182236,0.7108728943338438,Credit reporting or other personal consumer reports,0.9917304747320062,0.9239304,12.504405975341797,"letters, bureaus continuously, happened mailed, really sure, far gotten, continuously far, sure happened, involved review, gotten response, mailed letters"
35,2888,0.002077562326869806,0.6835180055401662,Credit reporting or other personal consumer reports,0.9996537396121884,3.3539903,10.701017379760742,"dispute incorrect, invalid items, referenced issues, incorrect invalid, letter referenced, assistance creditors, gotten assistance, report gotten, documents letter, matter attached"
36,53587,0.725549107059548,0.01123406796424506,Credit reporting or other personal consumer reports,0.9603821822456939,1.361454,8.190593719482422,"consumer, information, redacted, reporting, 15, redacted redacted, usc, 15 usc, consumer reporting, account"
37,6255,0.04844124700239808,0.22414068745003995,Credit reporting or other personal consumer reports,0.8537170263788969,9.082286,12.668935775756836,"letters, reporting, inaccurate date, date, written, 15, credit, report, section, 1681"
38,6321,0.07767758266097137,0.17433950324315772,Credit reporting or other personal consumer reports,0.9659863945578231,10.711794,12.43832778930664,"payment, late, complaint, error, creditor, complaint bureaus, payment late, days payment, mailed delivered, payment date"
39,8485,0.12174425456688273,0.1295226870948733,Credit reporting or other personal consumer reports,0.9499116087212728,10.973771,13.571118354797363,"section, consumer, 15, information, 1681, states, reporting agency, consumer reporting, agency, reporting"
