space,id,algorithm,selected,accepted,neighbor_lift,parameters,clusters,noise_fraction,small_cluster_fraction,largest_cluster_fraction,minimum_cluster_rows,median_cluster_rows,maximum_cluster_rows,silhouette_rows,silhouette_mean,silhouette_median,negative_silhouette_fraction,neighbor_same_cluster_rate,neighbor_chance_rate,unique_hash_fraction,template_dominated_rows_fraction,product_nmi,t1_nmi,elapsed_seconds,stability_ari,future_coverage,initial_failures,final_failures,ari_vs_reference,stability_ari_all,assignment_type,future_rejected_fraction,mean_probability,converged
pca128,kmeans_k20,kmeans,False,False,0.6768437599999999,"{""clusters"": 20}",20.0,0.0,0.0,0.096,371.0,1027.0,1920.0,5000.0,0.0755753442645073,0.03866247087717056,0.2174,0.736215,0.05937124,0.80195,0.0,0.20241976720380647,0.22052296406938002,1.0368509518448263,,,,,0.2390942553774369,,,,,
pca128,kmeans_k40,kmeans,False,False,0.6784507,"{""clusters"": 40}",40.0,0.0,0.0,0.0648,63.0,414.0,1296.0,5000.0,0.08923475444316864,0.04442033916711807,0.281,0.711855,0.0334043,0.80195,0.028,0.21720861248153606,0.24678126225856417,1.1342530460096896,,,,,0.19457507314995118,,,,,
pca128,kmeans_k80,kmeans,True,False,0.65922318,"{""clusters"": 80}",80.0,0.0,0.0019,0.035,1.0,226.5,700.0,5000.0,0.11684010177850723,0.0362517349421978,0.3144,0.6752,0.01597682,0.80195,0.04735,0.20686759256208398,0.25505195907100314,1.8816303492058069,0.4589492836147135,0.9891,,stability,0.14345246951364382,0.4589492836147135,native_centers,0.01090000000000002,,
pca128,hdbscan_mcs100_ms10,hdbscan,False,False,0.9471488881374076,"{""min_cluster_size"": 100, ""min_samples"": 10}",23.0,0.78145,0.0,0.01995,103.0,161.0,399.0,1058.0,0.4144907593727112,0.3820895552635193,0.04725897920604915,0.9999070761510942,0.05275818801368664,0.5547929535575383,0.04365,0.060251388281839464,0.3057075556542315,35.840703557943925,,,noise,noise,0.055021317723118024,,,,0.19735392725213208,
pca128,hdbscan_mcs100_ms30,hdbscan,True,False,0.933580034254413,"{""min_cluster_size"": 100, ""min_samples"": 30}",18.0,0.835,0.0,0.0192,103.0,165.0,384.0,780.0,0.5416476726531982,0.49066463112831116,0.005128205128205128,0.9996573528953681,0.06607731864095501,0.48878787878787877,0.0421,0.08343409524597793,0.37583385937096003,38.332143696025014,0.8949689512106996,0.19035,noise,"noise,future_coverage",0.045724219076493586,0.8894756447918714,centroid_adapter,0.80965,0.1494141405012111,
pca128,hdbscan_mcs250_ms10,hdbscan,False,False,0.8429145311769846,"{""min_cluster_size"": 250, ""min_samples"": 10}",7.0,0.8373,0.0,0.0357,284.0,450.0,714.0,798.0,0.3053591549396515,0.24590153992176056,0.06516290726817042,1.0,0.1570854688230154,0.6112476951444377,0.01995,0.01070341974508047,0.3051030151580699,37.34797269501723,,,noise,noise,0.036071135303263786,,,,0.14237980151502452,
pca128,hdbscan_mcs250_ms30,hdbscan,False,False,0.6747144207622424,"{""min_cluster_size"": 250, ""min_samples"": 30}",4.0,0.83,0.0,0.08085,370.0,706.5,1617.0,827.0,0.35844042897224426,0.3592795729637146,0.026602176541717048,0.9996699570944223,0.32495553633217994,0.6623529411764706,0.0,0.00534759607182047,0.3370230206332821,29.354599559912458,,,"cluster_count,noise","cluster_count,noise",0.04769750735620093,,,,0.0801326123138256,
pca128,hdbscan_mcs500_ms10,hdbscan,False,False,0.6936685913470484,"{""min_cluster_size"": 500, ""min_samples"": 10}",4.0,0.80175,0.0,0.08385,508.0,890.0,1677.0,967.0,0.28187745809555054,0.2595504820346832,0.06308169596690796,1.0,0.30633140865295166,0.7162673392181589,0.0,0.003990869262944529,0.3002185897836592,35.0854945089668,,,"cluster_count,noise","cluster_count,noise",0.048850406671490286,,,,0.1700565439830552,
pca128,hdbscan_mcs500_ms30,hdbscan,False,False,0.637449532963582,"{""min_cluster_size"": 500, ""min_samples"": 30}",3.0,0.80315,0.0,0.08085,764.0,1556.0,1617.0,952.0,0.28430336713790894,0.24649617075920105,0.0546218487394958,1.0,0.362550467036418,0.6680213360426721,0.0,0.004561197119984199,0.24109195908352027,36.41752955317497,,,"cluster_count,noise","cluster_count,noise",0.05124716254027621,,,,0.16889686090267259,
pca128,cure_k20_r5_c0.5,cure,True,False,0.001053835000000003,"{""clusters"": 20, ""representatives"": 5, ""compression"": 0.5}",20.0,0.0,0.00105,0.99895,1.0,1.0,19979.0,5000.0,0.16010555624961853,0.17435196042060852,0.0388,0.998955,0.997901165,0.80195,0.00095,0.003116483833256792,0.0025877611628713506,503.6417140639387,0.6279012945214771,0.99115,"largest_cluster,neighbor_lift","largest_cluster,neighbor_lift",-8.586163800762798e-06,0.6279012945214771,representative_adapter,0.008850000000000025,,
pca128,cure_k40_r5_c0.5,cure,False,False,0.0020406849999999865,"{""clusters"": 40, ""representatives"": 5, ""compression"": 0.5}",40.0,0.0,0.00205,0.99795,1.0,1.0,19959.0,5000.0,0.10408987104892731,0.11770609021186829,0.09,0.997945,0.995904315,0.80195,0.00195,0.005483387123763019,0.005145326072189385,476.5130427079275,,,"largest_cluster,neighbor_lift","largest_cluster,neighbor_lift",-0.00012368885541445064,,,,,
pca128,cure_k80_r5_c0.5,cure,False,False,0.004052970000000156,"{""clusters"": 80, ""representatives"": 5, ""compression"": 0.5}",80.0,0.0,0.0041,0.9959,1.0,1.0,19918.0,5000.0,0.060328368097543716,0.07640068233013153,0.2254,0.99587,0.9918170299999999,0.80195,0.0039,0.01192330065826892,0.011264487879017604,459.8222900410183,,,"largest_cluster,neighbor_lift","largest_cluster,neighbor_lift",-0.00023363587203102006,,,,,
pca128,gmm_k20_diag,gmm,False,False,0.540044035,"{""components"": 20, ""covariance"": ""diag""}",20.0,0.0,0.0,0.2991,98.0,389.5,5982.0,5000.0,-0.006381152663379908,-0.08001138269901276,0.6372,0.69056,0.150515965,0.80195,0.02745,0.22678093953413608,0.23347291600912665,1.243603568058461,,,"silhouette,negative_silhouette","silhouette,negative_silhouette",0.12606686070321393,,,,,1.0
pca128,gmm_k40_diag,gmm,False,False,0.61376768,"{""components"": 40, ""covariance"": ""diag""}",40.0,0.0,0.0,0.15875,67.0,269.5,3175.0,5000.0,0.040760669857263565,-0.016867052763700485,0.5364,0.68025,0.06648232000000001,0.80195,0.0418,0.22019975968544955,0.2472571107813348,2.017994910944253,,,negative_silhouette,negative_silhouette,0.17457090008539505,,,,,1.0
pca128,gmm_k80_diag,gmm,True,False,0.632437445,"{""components"": 80, ""covariance"": ""diag""}",80.0,0.0,0.01155,0.07335,20.0,166.5,1467.0,5000.0,0.07835858315229416,0.012327896431088448,0.4684,0.658005,0.025567555,0.80195,0.05505,0.21019406031100837,0.2535288634481246,4.054888704093173,0.4413184510158007,0.9926,negative_silhouette,"negative_silhouette,stability",0.14067570021486778,0.4413184510158007,log_likelihood,0.007399999999999962,,1.0
pca256,kmeans_k20,kmeans,False,False,0.685976245,"{""clusters"": 20}",20.0,0.0,0.0,0.1253,260.0,1008.5,2506.0,5000.0,0.054988496005535126,0.016808249056339264,0.4066,0.751335,0.06535875499999999,0.80195,0.0,0.1822509810661973,0.20491064103506795,1.2214900590479374,,,negative_silhouette,negative_silhouette,0.23556570351100775,,,,,
pca256,kmeans_k40,kmeans,False,False,0.6773658699999999,"{""clusters"": 40}",40.0,0.0,0.0,0.0493,119.0,460.0,986.0,5000.0,0.06857238709926605,0.01672215573489666,0.4222,0.7079,0.03053413,0.80195,0.04035,0.214475065331558,0.2488418785399356,1.9344616311136633,,,negative_silhouette,negative_silhouette,0.20818046244144686,,,,,
pca256,kmeans_k80,kmeans,True,False,0.65726481,"{""clusters"": 80}",80.0,0.0,0.00145,0.03275,29.0,223.0,655.0,5000.0,0.104240782558918,0.022176671773195267,0.4004,0.673215,0.015950190000000003,0.80195,0.0524,0.20927953661778786,0.25853853879967953,3.1765646098647267,0.43345416118989333,0.988175,negative_silhouette,"negative_silhouette,stability",0.14506412905401184,0.43345416118989333,native_centers,0.011824999999999974,,
pca256,hdbscan_mcs100_ms10,hdbscan,False,False,0.938604212043454,"{""min_cluster_size"": 100, ""min_samples"": 10}",19.0,0.8045,0.0,0.01995,108.0,200.0,399.0,927.0,0.4348829388618469,0.3928685188293457,0.028047464940668825,0.9998187514564615,0.0612145394130075,0.530690537084399,0.0446,0.0700765306513306,0.343695751151118,78.86309810890816,,,noise,noise,0.051450358579633856,,,,0.17395271001649304,
pca256,hdbscan_mcs100_ms30,hdbscan,True,False,0.9318211160336651,"{""min_cluster_size"": 100, ""min_samples"": 30}",17.0,0.8395,0.0,0.0187,112.0,160.0,374.0,762.0,0.515142023563385,0.4655912518501282,0.0026246719160104987,0.9999043062200957,0.06808319018643064,0.4685358255451713,0.04255,0.08648947500138686,0.37114015369150427,77.49561034608632,1.0,0.18025,noise,"noise,future_coverage",0.04419588505170726,0.9117722718825109,centroid_adapter,0.81975,0.14324954380434593,
pca256,hdbscan_mcs250_ms10,hdbscan,False,False,0.8128945145059749,"{""min_cluster_size"": 250, ""min_samples"": 10}",7.0,0.84035,0.0,0.05275,270.0,399.0,1055.0,784.0,0.29430365562438965,0.2035929262638092,0.1441326530612245,0.9997787190997028,0.18688420459372793,0.5853429376761666,0.01995,0.012574379732425244,0.2715383421961193,74.73119299206883,,,noise,noise,0.038979758163233805,,,,0.14481324270862234,
pca256,hdbscan_mcs250_ms30,hdbscan,False,False,0.6764594336713283,"{""min_cluster_size"": 250, ""min_samples"": 30}",5.0,0.8283,0.0,0.085,250.0,405.0,1700.0,834.0,0.35036081075668335,0.35843539237976074,0.09832134292565947,0.9996737260485259,0.32321429237719757,0.6566686080372743,0.0,0.005959126152781147,0.32950156287556936,76.54141300613992,,,noise,noise,0.048308665058959886,,,,0.09703558954209975,
pca256,hdbscan_mcs500_ms10,hdbscan,False,False,0.6263283854163824,"{""min_cluster_size"": 500, ""min_samples"": 10}",3.0,0.78485,0.0,0.0976,761.0,1590.0,1952.0,1055.0,0.23664602637290955,0.20112787187099457,0.1023696682464455,0.9999293984750071,0.3736010130586247,0.6955612363467348,0.0,0.005228107391968605,0.2224516737219891,72.03041303087957,,,"cluster_count,noise","cluster_count,noise",0.052372829279909855,,,,0.1860091590078283,
pca256,hdbscan_mcs500_ms30,hdbscan,False,False,0.6356246312598246,"{""min_cluster_size"": 500, ""min_samples"": 30}",3.0,0.8026,0.0,0.085,763.0,1485.0,1700.0,956.0,0.26558569073677063,0.242734894156456,0.04497907949790795,0.9998705937160308,0.3642459624562062,0.6519756838905775,0.0,0.004630193140128127,0.25048876977842455,73.84623649693094,,,"cluster_count,noise","cluster_count,noise",0.05201590942486129,,,,0.16574477607384347,
pca256,cure_k20_r5_c0.5,cure,True,False,0.001003945000000006,"{""clusters"": 20, ""representatives"": 5, ""compression"": 0.5}",20.0,0.0,0.001,0.999,1.0,1.0,19980.0,5000.0,0.18759329617023468,0.19811701774597168,0.0108,0.999005,0.998001055,0.80195,0.0009,0.0022009770283956793,0.0023750010426413642,943.1122550759465,0.8482026618976954,0.98965,"largest_cluster,neighbor_lift","largest_cluster,neighbor_lift",3.307297880590267e-05,0.8482026618976954,representative_adapter,0.01034999999999997,,
pca256,cure_k40_r5_c0.5,cure,False,False,0.002055684999999974,"{""clusters"": 40, ""representatives"": 5, ""compression"": 0.5}",40.0,0.0,0.00205,0.99795,1.0,1.0,19959.0,5000.0,0.1429397463798523,0.15676738321781158,0.0352,0.99796,0.995904315,0.80195,0.00195,0.005017756705829428,0.004802073989216903,852.9283348519821,,,"largest_cluster,neighbor_lift","largest_cluster,neighbor_lift",-5.858251127576319e-05,,,,,
pca256,cure_k80_r5_c0.5,cure,False,False,0.0040233850000002125,"{""clusters"": 80, ""representatives"": 5, ""compression"": 0.5}",80.0,0.0,0.00405,0.99595,1.0,1.0,19919.0,5000.0,0.1071372702717781,0.12130971252918243,0.0886,0.99594,0.9919166149999998,0.80195,0.00395,0.012779551679589727,0.011677246723257375,787.4766113278456,,,"largest_cluster,neighbor_lift","largest_cluster,neighbor_lift",-0.0002858096841809404,,,,,
pca256,gmm_k20_diag,gmm,False,False,0.432617425,"{""components"": 20, ""covariance"": ""diag""}",20.0,0.0,0.0,0.26865,98.0,328.0,5373.0,5000.0,-0.043378736823797226,-0.11557872593402863,0.7878,0.59551,0.16289257499999996,0.80195,0.0198,0.11725286845195343,0.14197561162371988,2.6717864898964763,,,"silhouette,negative_silhouette","silhouette,negative_silhouette",0.11797470878559652,,,,,1.0
pca256,gmm_k40_diag,gmm,False,False,0.527769605,"{""components"": 40, ""covariance"": ""diag""}",40.0,0.0,0.00215,0.17245,43.0,265.0,3449.0,5000.0,0.009362715296447277,-0.08872456848621368,0.644,0.59731,0.06954039499999999,0.80195,0.03485,0.20678089460516647,0.23717361349414476,6.461317251902074,,,negative_silhouette,negative_silhouette,0.13924754446523135,,,,,1.0
pca256,gmm_k80_diag,gmm,True,False,0.55794829,"{""components"": 80, ""covariance"": ""diag""}",80.0,0.0,0.01365,0.1497,24.0,128.0,2994.0,5000.0,0.04678977653384209,-0.05097385123372078,0.5752,0.60775,0.04980171,0.80195,0.05255,0.20288469913448287,0.244864824386347,12.077307387022302,0.4958497830365971,0.9918,negative_silhouette,"negative_silhouette,stability",0.12945979375789451,0.4958497830365971,log_likelihood,0.008199999999999985,,1.0
pca512,kmeans_k20,kmeans,False,False,0.676694965,"{""clusters"": 20}",20.0,0.0,0.0,0.0851,251.0,1003.0,1702.0,5000.0,0.05350451543927193,0.011429652571678162,0.427,0.734495,0.057800035,0.80195,0.0,0.19124356970699835,0.2112030982807155,1.9043586810585111,,,negative_silhouette,negative_silhouette,0.22821709042544663,,,,,
pca512,kmeans_k40,kmeans,False,False,0.673942005,"{""clusters"": 40}",40.0,0.0,0.0,0.0779,62.0,428.0,1558.0,5000.0,0.06672973930835724,0.004304760135710239,0.4804,0.708665,0.034722995,0.80195,0.0166,0.2198269396762997,0.2547962891447207,2.9917861779686064,,,negative_silhouette,negative_silhouette,0.18531969682762228,,,,,
pca512,kmeans_k80,kmeans,True,False,0.669666735,"{""clusters"": 80}",80.0,0.0,0.0,0.05195,52.0,209.5,1039.0,5000.0,0.08108582347631454,0.004873743746429682,0.4786,0.688025,0.018358265,0.80195,0.0524,0.214902358023338,0.26549031563988934,5.070491397054866,0.4031449014762267,0.9906,negative_silhouette,"negative_silhouette,stability",0.1573851624697588,0.4031449014762267,native_centers,0.009399999999999964,,
pca512,hdbscan_mcs100_ms10,hdbscan,False,False,0.9384763408009968,"{""min_cluster_size"": 100, ""min_samples"": 10}",19.0,0.81245,0.0,0.02,108.0,181.0,400.0,884.0,0.4551369249820709,0.39763712882995605,0.013574660633484163,0.9998920436143798,0.06141570281338289,0.5227939216209011,0.0447,0.0720670364930659,0.3527479934603894,143.3883681090083,,,noise,noise,0.05053074100940681,,,,0.16706686753000557,
pca512,hdbscan_mcs100_ms30,hdbscan,True,False,0.9347144016033594,"{""min_cluster_size"": 100, ""min_samples"": 30}",18.0,0.8388,0.0,0.0187,100.0,157.0,374.0,759.0,0.5170636177062988,0.47072702646255493,0.003952569169960474,1.0,0.06528559839664058,0.4575062034739454,0.0425,0.10020737391145937,0.39214750443964275,147.2247895190958,1.0,0.169375,noise,"noise,future_coverage",0.04506414235876494,0.9369071154730055,centroid_adapter,0.830625,0.14589372666256076,
pca512,hdbscan_mcs250_ms10,hdbscan,False,False,0.7457242451225294,"{""min_cluster_size"": 250, ""min_samples"": 10}",6.0,0.7996,0.0,0.07915,267.0,400.0,1583.0,993.0,0.2929634749889374,0.2853342294692993,0.11782477341389729,1.0,0.25427575487747056,0.6681636726546906,0.0,0.011743408748322722,0.3335553018358539,139.836775142001,,,noise,noise,0.055017391537809,,,,0.1270164510254103,
pca512,hdbscan_mcs250_ms30,hdbscan,False,False,0.6469549872806659,"{""min_cluster_size"": 250, ""min_samples"": 30}",4.0,0.80455,0.0,0.08375,303.0,965.5,1675.0,944.0,0.268134742975235,0.2879589796066284,0.1472457627118644,1.0,0.3530450127193341,0.6577129700690714,0.0,0.004461855555875447,0.2699678955364178,145.26895364001393,,,"cluster_count,noise","cluster_count,noise",0.05141965075135159,,,,0.11348957440441923,
pca512,hdbscan_mcs500_ms10,hdbscan,False,False,0.6318311715284389,"{""min_cluster_size"": 500, ""min_samples"": 10}",3.0,0.7851,0.0,0.09545,806.0,1583.0,1909.0,1058.0,0.22965571284294128,0.20331618189811707,0.11342155009451796,0.9999293768685703,0.3680982053401314,0.6875290832945556,0.0,0.0066421034520129435,0.2248222771936616,138.68857791507617,,,"cluster_count,noise","cluster_count,noise",0.05282395963709317,,,,0.18659562387479342,
pca512,hdbscan_mcs500_ms30,hdbscan,False,False,0.6361544170167368,"{""min_cluster_size"": 500, ""min_samples"": 30}",3.0,0.8017,0.0,0.08375,763.0,1528.0,1675.0,960.0,0.2536110281944275,0.24009133875370026,0.065625,0.9999741922163724,0.36381977519963565,0.6533030761472517,0.0,0.003815084562303114,0.22991829418241505,142.97841915185563,,,"cluster_count,noise","cluster_count,noise",0.0521547320562,,,,0.16738060928519136,
pca512,cure_k20_r5_c0.5,cure,True,False,0.0009989449999999733,"{""clusters"": 20, ""representatives"": 5, ""compression"": 0.5}",20.0,0.0,0.001,0.999,1.0,1.0,19980.0,5000.0,0.20932631194591522,0.21888872981071472,0.0034,0.999,0.998001055,0.80195,0.0009,0.003123013928055471,0.0030415990272958746,1801.605142178014,0.8330006761301302,0.993075,"largest_cluster,neighbor_lift","largest_cluster,neighbor_lift",-4.205015183928558e-05,0.8330006761301302,representative_adapter,0.006924999999999959,,
pca512,cure_k40_r5_c0.5,cure,False,False,0.0020456850000001303,"{""clusters"": 40, ""representatives"": 5, ""compression"": 0.5}",40.0,0.0,0.00205,0.99795,1.0,1.0,19959.0,5000.0,0.16552592813968658,0.1771964132785797,0.0276,0.99795,0.9959043149999999,0.80195,0.00195,0.007384929550196129,0.006043839398897105,1602.4828028311022,,,"largest_cluster,neighbor_lift","largest_cluster,neighbor_lift",-0.00010863936503898518,,,,,
pca512,cure_k80_r5_c0.5,cure,False,False,0.004067970000000143,"{""clusters"": 80, ""representatives"": 5, ""compression"": 0.5}",80.0,0.0,0.0041,0.9959,1.0,1.0,19918.0,5000.0,0.12617656588554382,0.13981935381889343,0.0496,0.995885,0.9918170299999999,0.80195,0.004,0.014259677947833768,0.012524205054744832,1562.9132359188516,,,"largest_cluster,neighbor_lift","largest_cluster,neighbor_lift",-0.00024015823337178148,,,,,
pca512,gmm_k20_diag,gmm,False,False,0.425494165,"{""components"": 20, ""covariance"": ""diag""}",20.0,0.0,0.0,0.1793,98.0,551.5,3586.0,5000.0,-0.031355779618024826,-0.08260677009820938,0.7476,0.52848,0.10298583499999998,0.80195,0.0049,0.16361896700932535,0.16728421196404086,3.850888009183109,,,"silhouette,negative_silhouette","silhouette,negative_silhouette",0.0947657915147004,,,,,1.0
pca512,gmm_k40_diag,gmm,False,False,0.46080535499999997,"{""components"": 40, ""covariance"": ""diag""}",40.0,0.0,0.0,0.1534,78.0,235.0,3068.0,5000.0,-0.005936590023338795,-0.09098085761070251,0.6762,0.533705,0.07289964500000001,0.80195,0.03695,0.18397022653573192,0.20855601492246614,4.412280722055584,,,"silhouette,negative_silhouette","silhouette,negative_silhouette",0.11332576610097368,,,,,1.0
pca512,gmm_k80_diag,gmm,True,False,0.5005373599999999,"{""components"": 80, ""covariance"": ""diag""}",80.0,0.0,0.0154,0.0952,21.0,125.0,1904.0,5000.0,0.028365854173898697,-0.08175661414861679,0.6224,0.534905,0.03436764,0.80195,0.0522,0.18389941329717785,0.22573767757690594,9.871334737865254,0.3828722967494304,0.9916,negative_silhouette,"negative_silhouette,stability",0.11374289080486377,0.3828722967494304,log_likelihood,0.008399999999999963,,1.0
umap5_s42,kmeans_k20,kmeans,False,False,0.6014003600000001,"{""clusters"": 20}",20.0,0.0,0.0,0.28205,200.0,386.0,5641.0,5000.0,0.2756621241569519,0.26048004627227783,0.1072,0.759785,0.15838464,0.80195,0.0,0.1778169044535596,0.17116422760464828,0.4270212531555444,,,,,0.41793703729907733,,,,,
umap5_s42,kmeans_k40,kmeans,True,True,0.62656,"{""clusters"": 40}",40.0,0.0,0.0,0.1582,95.0,172.0,3164.0,5000.0,0.2766856253147125,0.27887654304504395,0.0724,0.716535,0.089975,0.80195,0.0,0.1898040858209766,0.18987106115096586,0.3425320601090789,0.7295645811284318,0.987175,,,0.507971150718672,0.7295645811284318,native_centers,0.012824999999999975,,
umap5_s42,kmeans_k80,kmeans,False,False,0.62182516,"{""clusters"": 80}",80.0,0.0,0.01595,0.1104,28.0,88.5,2208.0,5000.0,0.2615450918674469,0.2707641124725342,0.0756,0.66867,0.04684484,0.80195,0.0014,0.21534207680024114,0.2223612889331934,0.4540732088498771,,,,,0.45536186099398385,,,,,
umap5_s42,hdbscan_mcs100_ms10,hdbscan,False,False,0.08118212283815862,"{""min_cluster_size"": 100, ""min_samples"": 10}",6.0,0.279,0.0,0.6877,105.0,142.0,13754.0,3591.0,0.40616631507873535,0.46179401874542236,0.03341687552213868,0.9913779808024207,0.9101958579642621,0.9699722607489598,0.0,0.022084669598056206,0.030926685491761727,1.7655258679296821,,,"largest_cluster,neighbor_lift","largest_cluster,neighbor_lift",0.08857754670398929,,,,0.7041561521544641,
umap5_s42,hdbscan_mcs100_ms30,hdbscan,False,False,0.04613508715873693,"{""min_cluster_size"": 100, ""min_samples"": 30}",4.0,0.30025,0.0,0.6818,105.0,127.0,13636.0,3497.0,0.4370685815811157,0.4891151487827301,0.03002573634543895,0.9957110866512316,0.9495759994924947,0.9735619864237227,0.0,0.013115184232751423,0.017704459481352283,1.9168176169041544,,,"cluster_count,largest_cluster,neighbor_lift","cluster_count,largest_cluster,neighbor_lift",0.08656094444791504,,,,0.6773395537735706,
umap5_s42,hdbscan_mcs250_ms10,hdbscan,False,False,0.1376704218172008,"{""min_cluster_size"": 250, ""min_samples"": 10}",2.0,0.40295,0.0,0.5494,953.0,5970.5,10988.0,2981.0,0.5302122831344604,0.5800332427024841,0.03824220060382422,0.9907912718867803,0.8531208500695795,0.9899505904028139,0.0,0.039835094856380704,0.05217011616277986,1.7169588329270482,,,"cluster_count,largest_cluster,noise","cluster_count,largest_cluster,noise",0.09191894740041229,,,,0.5847411532958906,
umap5_s42,hdbscan_mcs250_ms30,hdbscan,True,False,0.14827098127073213,"{""min_cluster_size"": 250, ""min_samples"": 30}",2.0,0.4732,0.0,0.4818,900.0,5268.0,9636.0,2641.0,0.5533458590507507,0.6017876863479614,0.03332071185157137,0.9920217920282521,0.84375081075752,0.9934510250569476,0.0,0.0460316096696532,0.057444707613848116,1.87344776885584,1.0,0.614,"cluster_count,noise","cluster_count,noise,future_coverage",0.07186111884566952,0.9665751531700381,centroid_adapter,0.386,0.5066037946954064,
umap5_s42,hdbscan_mcs500_ms10,hdbscan,False,False,0.1376704218172008,"{""min_cluster_size"": 500, ""min_samples"": 10}",2.0,0.40295,0.0,0.5494,953.0,5970.5,10988.0,2981.0,0.5302122831344604,0.5800332427024841,0.03824220060382422,0.9907912718867803,0.8531208500695795,0.9899505904028139,0.0,0.039835094856380704,0.05217011616277986,1.6994070659857243,,,"cluster_count,largest_cluster,noise","cluster_count,largest_cluster,noise",0.09191894740041229,,,,0.5365850056582278,
umap5_s42,hdbscan_mcs500_ms30,hdbscan,False,False,0.14827098127073213,"{""min_cluster_size"": 500, ""min_samples"": 30}",2.0,0.4732,0.0,0.4818,900.0,5268.0,9636.0,2641.0,0.5533458590507507,0.6017876863479614,0.03332071185157137,0.9920217920282521,0.84375081075752,0.9934510250569476,0.0,0.0460316096696532,0.057444707613848116,1.8768211749847978,,,"cluster_count,noise","cluster_count,noise",0.07186111884566952,,,,0.492470520253386,
umap5_s42,cure_k20_r5_c0.5,cure,False,False,0.029453664999999907,"{""clusters"": 20, ""representatives"": 5, ""compression"": 0.5}",20.0,0.0,0.0122,0.96875,4.0,10.5,19375.0,5000.0,0.3093184530735016,0.4734784960746765,0.212,0.968305,0.9388513350000001,0.80195,0.00575,0.011405751849847552,0.012487182795598892,74.950028084917,,,"largest_cluster,neighbor_lift","largest_cluster,neighbor_lift",0.007737417849251655,,,,,
umap5_s42,cure_k40_r5_c0.5,cure,False,False,0.11098552999999989,"{""clusters"": 40, ""representatives"": 5, ""compression"": 0.5}",40.0,0.0,0.01895,0.88665,2.0,14.0,17733.0,5000.0,0.3323635756969452,0.4761432409286499,0.1898,0.898385,0.7873994700000001,0.80195,0.0107,0.02825787946689808,0.03185706701151516,75.5482598489616,,,largest_cluster,largest_cluster,0.031068726484750262,,,,,
umap5_s42,cure_k80_r5_c0.5,cure,True,False,0.20292963499999994,"{""clusters"": 80, ""representatives"": 5, ""compression"": 0.5}",80.0,0.0,0.04385,0.81145,2.0,18.0,16229.0,5000.0,0.38515639305114746,0.5229339599609375,0.1558,0.863165,0.660235365,0.80195,0.01745,0.03935929653942614,0.054489827950420976,72.07764853886329,0.7055007118549383,0.910375,largest_cluster,largest_cluster,0.06031258091156623,0.7055007118549383,representative_adapter,0.08962499999999995,,
umap5_s42,gmm_k20_full,gmm,False,False,0.6122778600000001,"{""components"": 20, ""covariance"": ""full""}",20.0,0.0,0.0,0.18745,100.0,526.0,3749.0,5000.0,0.15770456194877625,0.18625319004058838,0.3136,0.7205,0.10822214,0.80195,0.0,0.1832032616055072,0.18064700850818693,23.731319471960887,,,,,0.3944598025918824,,,,,1.0
umap5_s42,gmm_k40_full,gmm,False,False,0.618716365,"{""components"": 40, ""covariance"": ""full""}",40.0,0.0,0.0,0.19895,87.0,208.5,3979.0,5000.0,0.18530946969985962,0.19928961992263794,0.2564,0.70767,0.088953635,0.80195,0.0,0.20086419340890113,0.19958772392893967,4.383893667953089,,,,,0.49765955132723183,,,,,1.0
umap5_s42,gmm_k80_full,gmm,True,True,0.614082335,"{""components"": 80, ""covariance"": ""full""}",80.0,0.0,0.0195,0.08915,30.0,84.5,1783.0,5000.0,0.187166228890419,0.25773465633392334,0.2692,0.65755,0.043467665,0.80195,0.0,0.20489595682376635,0.21663911533286132,7.180285130860284,0.6099075929864781,0.98485,,,0.43487304842343333,0.6099075929864781,log_likelihood,0.015149999999999997,,1.0
umap10_s42,kmeans_k20,kmeans,False,False,0.608993315,"{""clusters"": 20}",20.0,0.0,0.0,0.22055,234.0,367.0,4411.0,5000.0,0.17176754772663116,0.15162086486816406,0.2312,0.7477,0.13870668500000002,0.80195,0.0,0.16562632900235502,0.16008499900123316,0.4398095060605556,,,,,0.37538201683775085,,,,,
umap10_s42,kmeans_k40,kmeans,False,False,0.6259857499999999,"{""clusters"": 40}",40.0,0.0,0.0,0.1563,68.0,212.0,3126.0,5000.0,0.17083439230918884,0.16054734587669373,0.2362,0.700745,0.07475925,0.80195,0.0,0.1898124287022977,0.19238492895142803,0.36113142501562834,,,,,0.6255560941033786,,,,,
umap10_s42,kmeans_k80,kmeans,True,False,0.630287835,"{""clusters"": 80}",80.0,0.0,0.021,0.0977,33.0,91.0,1954.0,5000.0,0.21086889505386353,0.2120875120162964,0.167,0.67245,0.042162164999999995,0.80195,0.0,0.22030895437799766,0.22590640573859327,0.48330857208929956,0.5230507009224604,0.97795,,stability,0.5542395338910316,0.5230507009224604,native_centers,0.022050000000000014,,
umap10_s42,hdbscan_mcs100_ms10,hdbscan,False,False,0.04465602756146625,"{""min_cluster_size"": 100, ""min_samples"": 10}",4.0,0.29135,0.0,0.69115,106.0,122.0,13823.0,3545.0,0.39888080954551697,0.4521870017051697,0.04118476727785614,0.9960822576921071,0.9514262301306409,0.9768574049248572,0.0,0.013487312130030411,0.0240107536106049,2.5614534851629287,,,"cluster_count,largest_cluster,neighbor_lift","cluster_count,largest_cluster,neighbor_lift",0.08555928851273906,,,,0.6979311799747273,
umap10_s42,hdbscan_mcs100_ms30,hdbscan,False,False,0.04481028397970377,"{""min_cluster_size"": 100, ""min_samples"": 30}",4.0,0.2939,0.0,0.6886,106.0,122.0,13772.0,3530.0,0.4011799097061157,0.45393362641334534,0.039660056657223795,0.9960640526788387,0.9512537686991349,0.9776943775669169,0.0,0.013538593412851808,0.02411921696976467,3.3444771838840097,,,"cluster_count,largest_cluster,neighbor_lift","cluster_count,largest_cluster,neighbor_lift",0.08520015012790001,,,,0.6960824953592539,
umap10_s42,hdbscan_mcs250_ms10,hdbscan,False,False,0.1429752263388726,"{""min_cluster_size"": 250, ""min_samples"": 10}",2.0,0.4111,0.0,0.5401,976.0,5889.0,10802.0,2944.0,0.5356756448745728,0.5784615278244019,0.024796195652173912,0.9909761718895208,0.8480009455506482,0.9900662251655629,0.0,0.04194176728515114,0.0524814061712087,2.565281611867249,,,"cluster_count,largest_cluster,noise","cluster_count,largest_cluster,noise",0.09092682286332611,,,,0.552463768457033,
umap10_s42,hdbscan_mcs250_ms30,hdbscan,False,False,0.7711269850763749,"{""min_cluster_size"": 250, ""min_samples"": 30}",7.0,0.70015,0.0,0.0834,255.0,897.0,1668.0,1551.0,0.49378323554992676,0.5546556115150452,0.03288201160541586,0.9667402438763045,0.1956132587999297,0.9958312489578123,0.0,0.43901206789849656,0.37442108894892767,3.0716107869520783,,,noise,noise,0.02725832552542404,,,,0.2503334598207433,
umap10_s42,hdbscan_mcs500_ms10,hdbscan,False,False,0.1429752263388726,"{""min_cluster_size"": 500, ""min_samples"": 10}",2.0,0.4111,0.0,0.5401,976.0,5889.0,10802.0,2944.0,0.5356756448745728,0.5784615278244019,0.024796195652173912,0.9909761718895208,0.8480009455506482,0.9900662251655629,0.0,0.04194176728515114,0.0524814061712087,2.5150847469922155,,,"cluster_count,largest_cluster,noise","cluster_count,largest_cluster,noise",0.09092682286332611,,,,0.531742351610929,
umap10_s42,hdbscan_mcs500_ms30,hdbscan,True,False,0.15365938631816722,"{""min_cluster_size"": 500, ""min_samples"": 30}",2.0,0.49335,0.0,0.4618,897.0,5066.5,9236.0,2528.0,0.5516408085823059,0.6001206636428833,0.028481012658227847,0.9922866074664733,0.8386272211483061,0.9940787525905458,0.0,0.04847886326619814,0.058133187712728004,3.2182010021060705,0.9989459324886288,0.624275,"cluster_count,noise","cluster_count,noise,future_coverage",0.06412730097586247,0.9560596574222915,centroid_adapter,0.375725,0.48277184533846257,
umap10_s42,cure_k20_r5_c0.5,cure,True,False,0.007250459999999959,"{""clusters"": 20, ""representatives"": 5, ""compression"": 0.5}",20.0,0.0,0.00985,0.99015,1.0,9.0,19803.0,5000.0,0.3620389699935913,0.48276209831237793,0.155,0.987655,0.98040454,0.80195,0.00985,0.009536826487002834,0.01011055856830885,115.18928127293475,0.49109341218534236,0.89495,"largest_cluster,neighbor_lift","largest_cluster,neighbor_lift,stability",0.002181783672018265,0.49109341218534236,representative_adapter,0.10504999999999998,,
umap10_s42,cure_k40_r5_c0.5,cure,False,False,0.015557349999999914,"{""clusters"": 40, ""representatives"": 5, ""compression"": 0.5}",40.0,0.0,0.0183,0.97825,1.0,9.0,19565.0,5000.0,0.3556647002696991,0.48682868480682373,0.1788,0.972555,0.95699765,0.80195,0.01645,0.015264488916088836,0.019419739529048966,109.07590440916829,,,"largest_cluster,neighbor_lift","largest_cluster,neighbor_lift",0.005470292181781918,,,,,
umap10_s42,cure_k80_r5_c0.5,cure,False,False,0.042307339999999916,"{""clusters"": 80, ""representatives"": 5, ""compression"": 0.5}",80.0,0.0,0.0432,0.9505,1.0,9.0,19010.0,5000.0,0.35573798418045044,0.4946935772895813,0.1816,0.945815,0.90350766,0.80195,0.0325,0.027852759278407527,0.037892486941316715,106.00151712400839,,,"largest_cluster,neighbor_lift","largest_cluster,neighbor_lift",0.013341900346570446,,,,,
umap10_s42,gmm_k20_full,gmm,False,False,0.618148925,"{""components"": 20, ""covariance"": ""full""}",20.0,0.0,0.0,0.16305,137.0,400.0,3261.0,5000.0,0.10810590535402298,0.12262652814388275,0.3942,0.714035,0.095886075,0.80195,0.0,0.18715745090374394,0.18109103155634462,23.75027449708432,,,negative_silhouette,negative_silhouette,0.3997725015921349,,,,,1.0
umap10_s42,gmm_k40_full,gmm,False,False,0.624010405,"{""components"": 40, ""covariance"": ""full""}",40.0,0.0,0.0,0.141,71.0,165.5,2820.0,5000.0,0.14315417408943176,0.16149744391441345,0.3186,0.70335,0.07933959499999998,0.80195,0.0,0.20601282941096224,0.21012687911210598,9.583650037180632,,,,,0.46077220550583703,,,,,1.0
umap10_s42,gmm_k80_full,gmm,True,True,0.63723821,"{""components"": 80, ""covariance"": ""full""}",80.0,0.0,0.0359,0.12695,21.0,73.0,2539.0,5000.0,0.23154142498970032,0.27255767583847046,0.2014,0.697465,0.06022679,0.80195,0.01595,0.21242783258910763,0.21987570995694122,10.780768837081268,0.6007910066345116,0.973125,,,0.6058744690886043,0.6007910066345116,log_likelihood,0.026874999999999982,,1.0
umap15_s42,kmeans_k20,kmeans,False,False,0.6211757299999999,"{""clusters"": 20}",20.0,0.0,0.0,0.22455,188.0,397.0,4491.0,5000.0,0.12843215465545654,0.1260088086128235,0.3578,0.745215,0.12403927,0.80195,0.0,0.18265594147333156,0.17367125099089503,0.4368019727990031,,,negative_silhouette,negative_silhouette,0.5082885363259096,,,,,
umap15_s42,kmeans_k40,kmeans,True,True,0.637448305,"{""clusters"": 40}",40.0,0.0,0.0,0.13885,61.0,196.5,2777.0,5000.0,0.13756345212459564,0.1435348391532898,0.2896,0.70899,0.071541695,0.80195,0.0,0.203007916138429,0.20373495742209882,0.36839338997378945,0.6260025961209845,0.9899,,,1.0,0.6260025961209845,native_centers,0.010099999999999998,,
umap15_s42,kmeans_k80,kmeans,False,False,0.6088447349999999,"{""clusters"": 80}",80.0,0.0,0.0187,0.05625,11.0,131.0,1125.0,5000.0,0.13355378806591034,0.14567086100578308,0.2838,0.637195,0.028350265,0.80195,0.0057,0.21482660265756123,0.22889041448024613,0.49226722004823387,,,,,0.3982456985931478,,,,,
umap15_s42,hdbscan_mcs100_ms10,hdbscan,False,False,0.8719674567532515,"{""min_cluster_size"": 100, ""min_samples"": 10}",28.0,0.65865,0.0,0.0365,102.0,186.5,730.0,1750.0,0.49244195222854614,0.5444663763046265,0.046285714285714284,0.9232751001372774,0.05130764338402592,0.989893071627362,0.0,0.38358592411715586,0.39570005268015007,3.39726957003586,,,noise,noise,0.004354358746838756,,,,0.30822325551201063,
umap15_s42,hdbscan_mcs100_ms30,hdbscan,False,False,0.0757321648996302,"{""min_cluster_size"": 100, ""min_samples"": 30}",5.0,0.32125,0.0,0.65035,108.0,136.0,13007.0,3393.0,0.33376580476760864,0.39614224433898926,0.1058060713233127,0.9942710997442455,0.9185389348446154,0.9844567219152854,0.0,0.02122308382814838,0.03915066681383629,4.303596341051161,,,"largest_cluster,neighbor_lift","largest_cluster,neighbor_lift",0.08650309753511798,,,,0.6667839652078432,
umap15_s42,hdbscan_mcs250_ms10,hdbscan,False,False,0.14123309936340045,"{""min_cluster_size"": 250, ""min_samples"": 10}",2.0,0.41185,0.0,0.5401,961.0,5881.5,10802.0,2943.0,0.5263102650642395,0.5693575739860535,0.029561671763506627,0.9911881565846895,0.8499550572212891,0.9902235824194509,0.0,0.041065407987138904,0.05225647861030666,3.204459137050435,,,"cluster_count,largest_cluster,noise","cluster_count,largest_cluster,noise",0.09003957087944167,,,,0.5629091828511357,
umap15_s42,hdbscan_mcs250_ms30,hdbscan,False,False,0.7710593563593695,"{""min_cluster_size"": 250, ""min_samples"": 30}",7.0,0.68805,0.0,0.08445,252.0,907.0,1689.0,1606.0,0.48079755902290344,0.5439901351928711,0.04420921544209216,0.9630890484443344,0.1920296920849649,0.9958326654912646,0.0,0.4371157649447191,0.36934438642343265,4.461204483173788,,,noise,noise,0.02645318502406899,,,,0.26054663255109733,
umap15_s42,hdbscan_mcs500_ms10,hdbscan,False,False,0.14123309936340045,"{""min_cluster_size"": 500, ""min_samples"": 10}",2.0,0.41185,0.0,0.5401,961.0,5881.5,10802.0,2943.0,0.5263102650642395,0.5693575739860535,0.029561671763506627,0.9911881565846895,0.8499550572212891,0.9902235824194509,0.0,0.041065407987138904,0.05225647861030666,3.256273525999859,,,"cluster_count,largest_cluster,noise","cluster_count,largest_cluster,noise",0.09003957087944167,,,,0.5255030855509756,
umap15_s42,hdbscan_mcs500_ms30,hdbscan,True,False,0.15459088139402133,"{""min_cluster_size"": 500, ""min_samples"": 30}",2.0,0.4891,0.0,0.46555,907.0,5109.0,9311.0,2558.0,0.5454990267753601,0.592538595199585,0.029319781078967943,0.9928194558021262,0.8382285744081048,0.9935408103347034,0.0,0.04833946556011386,0.05831700545236487,4.678065520012751,1.0,0.626325,"cluster_count,noise","cluster_count,noise,future_coverage",0.06513984716851022,0.9520471183490403,centroid_adapter,0.373675,0.4839662601824457,
umap15_s42,cure_k20_r5_c0.5,cure,True,False,0.003819000000000017,"{""clusters"": 20, ""representatives"": 5, ""compression"": 0.5}",20.0,0.0,0.0079,0.9921,3.0,8.5,19842.0,5000.0,0.40929749608039856,0.5251033306121826,0.0892,0.988085,0.984266,0.80195,0.0079,0.004014505591932826,0.007440514848456529,135.4891181741841,0.4307434357964067,0.95755,"largest_cluster,neighbor_lift","largest_cluster,neighbor_lift,stability",0.001953435745847562,0.4307434357964067,representative_adapter,0.04244999999999999,,
umap15_s42,cure_k40_r5_c0.5,cure,False,False,0.007306449999999853,"{""clusters"": 40, ""representatives"": 5, ""compression"": 0.5}",40.0,0.0,0.01405,0.98595,1.0,8.0,19719.0,5000.0,0.3964076042175293,0.5227193832397461,0.1302,0.97941,0.9721035500000001,0.80195,0.01365,0.008707347819195833,0.015159934373354896,128.22516913409345,,,"largest_cluster,neighbor_lift","largest_cluster,neighbor_lift",0.0036104754936813243,,,,,
umap15_s42,cure_k80_r5_c0.5,cure,False,False,0.02167074499999999,"{""clusters"": 80, ""representatives"": 5, ""compression"": 0.5}",80.0,0.0,0.0299,0.9701,1.0,7.0,19402.0,5000.0,0.3831344544887543,0.48798057436943054,0.1592,0.96278,0.941109255,0.80195,0.0291,0.014876220980494266,0.028140446975010044,130.46813562209718,,,"largest_cluster,neighbor_lift","largest_cluster,neighbor_lift",0.007622081974779133,,,,,
umap15_s42,gmm_k20_full,gmm,False,False,0.60143104,"{""components"": 20, ""covariance"": ""full""}",20.0,0.0,0.0,0.28475,117.0,407.5,5695.0,5000.0,0.11405838280916214,0.16080397367477417,0.3766,0.744005,0.14257396000000003,0.80195,0.0,0.2095874203276308,0.19733090933701422,23.75007210089825,,,negative_silhouette,negative_silhouette,0.35735738460131977,,,,,1.0
umap15_s42,gmm_k40_full,gmm,False,False,0.617678235,"{""components"": 40, ""covariance"": ""full""}",40.0,0.0,0.0021,0.17875,17.0,168.0,3575.0,5000.0,0.11236218363046646,0.10311558842658997,0.3446,0.715175,0.097496765,0.80195,0.00085,0.2109808911902281,0.2027871392597364,11.085894712945446,,,,,0.41784726763867924,,,,,1.0
umap15_s42,gmm_k80_full,gmm,True,False,0.634084725,"{""components"": 80, ""covariance"": ""full""}",80.0,0.0,0.0406,0.12545,11.0,74.0,2509.0,5000.0,0.20019656419754028,0.2286440134048462,0.2604,0.69892,0.064835275,0.80195,0.0177,0.21004176753013792,0.21368765577692375,5.544993652030826,0.5561731900857717,0.971875,,stability,0.5267487309816764,0.5561731900857717,log_likelihood,0.028124999999999956,,1.0
umap30_s42,kmeans_k20,kmeans,False,False,0.63447347,"{""clusters"": 20}",20.0,0.0,0.0,0.15375,210.0,524.0,3075.0,5000.0,0.05494195595383644,0.003518139012157917,0.494,0.718715,0.08424153,0.80195,0.0,0.2187258381472697,0.20513671440824993,0.45760370697826147,,,negative_silhouette,negative_silhouette,0.5726378783154201,,,,,
umap30_s42,kmeans_k40,kmeans,False,False,0.6294644899999999,"{""clusters"": 40}",40.0,0.0,0.00145,0.1099,29.0,259.5,2198.0,5000.0,0.04695138707756996,0.0464983731508255,0.43,0.679685,0.05022051,0.80195,0.00785,0.22361447837978865,0.22668960210490072,0.4305614789482206,,,negative_silhouette,negative_silhouette,0.5016450882648785,,,,,
umap30_s42,kmeans_k80,kmeans,True,False,0.6161740649999999,"{""clusters"": 80}",80.0,0.0,0.0202,0.06505,11.0,120.0,1301.0,5000.0,0.1003507599234581,0.07400493323802948,0.3872,0.64826,0.032085935,0.80195,0.0186,0.2164227181464685,0.23251168494113625,0.582864762051031,0.4856304005669023,0.982925,negative_silhouette,"negative_silhouette,stability",0.3983930416447252,0.4856304005669023,native_centers,0.01707499999999995,,
umap30_s42,hdbscan_mcs100_ms10,hdbscan,False,False,0.05096818810938819,"{""min_cluster_size"": 100, ""min_samples"": 10}",4.0,0.2907,0.0,0.6895,108.0,144.0,13790.0,3552.0,0.4284416735172272,0.4690646529197693,0.01632882882882883,0.9961832061068703,0.9452150179974821,0.9776540250951642,0.0,0.015138005032796963,0.028353378820329976,5.7577146319672465,,,"cluster_count,largest_cluster,neighbor_lift","cluster_count,largest_cluster,neighbor_lift",0.08562212185145512,,,,0.6936778496618059,
umap30_s42,hdbscan_mcs100_ms30,hdbscan,False,False,0.05115566061246868,"{""min_cluster_size"": 100, ""min_samples"": 30}",4.0,0.2934,0.0,0.6868,108.0,144.0,13736.0,3540.0,0.43070268630981445,0.4708895683288574,0.015536723163841809,0.9961653460905965,0.9450096854781278,0.9788423436173224,0.0,0.015184575432975692,0.028449315835928534,6.686455377144739,,,"cluster_count,largest_cluster,neighbor_lift","cluster_count,largest_cluster,neighbor_lift",0.08594988129052474,,,,0.6927030321083666,
umap30_s42,hdbscan_mcs250_ms10,hdbscan,False,False,0.14058872132469125,"{""min_cluster_size"": 250, ""min_samples"": 10}",2.0,0.3926,0.0,0.55785,991.0,6074.0,11157.0,3046.0,0.5239272117614746,0.563689112663269,0.021667760998030205,0.9907439764164045,0.8501552550917133,0.9895456042146855,0.0,0.040354010403171894,0.052382792091431506,5.832343067973852,,,"cluster_count,largest_cluster","cluster_count,largest_cluster",0.09673046292253133,,,,0.5685923060087735,
umap30_s42,hdbscan_mcs250_ms30,hdbscan,True,False,0.14656767575365537,"{""min_cluster_size"": 250, ""min_samples"": 30}",2.0,0.4557,0.0,0.4981,924.0,5443.0,9962.0,2714.0,0.5399966239929199,0.5819092988967896,0.02210759027266028,0.9912174658772719,0.8446497901236165,0.992559250413375,0.0,0.044852810358548025,0.055203163409740956,6.809835123131052,0.9989634629152951,0.6255,"cluster_count,noise","cluster_count,noise,future_coverage",0.07708228731175683,0.9410670089623528,centroid_adapter,0.37450000000000006,0.5282747600815797,
umap30_s42,hdbscan_mcs500_ms10,hdbscan,False,False,0.14058872132469125,"{""min_cluster_size"": 500, ""min_samples"": 10}",2.0,0.3926,0.0,0.55785,991.0,6074.0,11157.0,3046.0,0.5239272117614746,0.563689112663269,0.021667760998030205,0.9907439764164045,0.8501552550917133,0.9895456042146855,0.0,0.040354010403171894,0.052382792091431506,5.9005488499533385,,,"cluster_count,largest_cluster","cluster_count,largest_cluster",0.09673046292253133,,,,0.5397305767057827,
umap30_s42,hdbscan_mcs500_ms30,hdbscan,False,False,0.14656767575365537,"{""min_cluster_size"": 500, ""min_samples"": 30}",2.0,0.4557,0.0,0.4981,924.0,5443.0,9962.0,2714.0,0.5399966239929199,0.5819092988967896,0.02210759027266028,0.9912174658772719,0.8446497901236165,0.992559250413375,0.0,0.044852810358548025,0.055203163409740956,7.1067428989335895,,,"cluster_count,noise","cluster_count,noise",0.07708228731175683,,,,0.5055752010453151,
umap30_s42,cure_k20_r5_c0.5,cure,True,False,0.005107744999999997,"{""clusters"": 20, ""representatives"": 5, ""compression"": 0.5}",20.0,0.0,0.00825,0.99175,4.0,8.0,19835.0,5000.0,0.4450826048851013,0.5376856327056885,0.0134,0.98868,0.983572255,0.80195,0.00825,0.010809867960019941,0.01068624124341673,184.28645578911528,0.3683183913252593,0.98785,"largest_cluster,neighbor_lift","largest_cluster,neighbor_lift,stability",0.0020404131693738062,0.3683183913252593,representative_adapter,0.012149999999999994,,
umap30_s42,cure_k40_r5_c0.5,cure,False,False,0.013709254999999976,"{""clusters"": 40, ""representatives"": 5, ""compression"": 0.5}",40.0,0.0,0.01695,0.98305,4.0,8.0,19661.0,5000.0,0.4336358904838562,0.5270141363143921,0.0304,0.980105,0.966395745,0.80195,0.01695,0.014212723764481293,0.018466306120690786,171.4883711959701,,,"largest_cluster,neighbor_lift","largest_cluster,neighbor_lift",0.004454643289000915,,,,,
umap30_s42,cure_k80_r5_c0.5,cure,False,False,0.02140152499999981,"{""clusters"": 80, ""representatives"": 5, ""compression"": 0.5}",80.0,0.0,0.03105,0.96895,1.0,8.0,19379.0,5000.0,0.4402145445346832,0.5351096391677856,0.0408,0.96028,0.9388784750000002,0.80195,0.03005,0.025142528036195138,0.032727233194910055,168.47276624897495,,,"largest_cluster,neighbor_lift","largest_cluster,neighbor_lift",0.008458016122112045,,,,,
umap30_s42,gmm_k20_full,gmm,False,False,0.5839709000000001,"{""components"": 20, ""covariance"": ""full""}",20.0,0.0,0.0079,0.4002,10.0,373.0,8004.0,5000.0,0.19050799310207367,0.3195457458496094,0.3424,0.805475,0.2215041,0.80195,0.00905,0.20547729091714062,0.18857973887940355,23.745419311104342,,,,,0.28711302830867536,,,,,1.0
umap30_s42,gmm_k40_full,gmm,False,False,0.57285775,"{""components"": 40, ""covariance"": ""full""}",40.0,0.0,0.0161,0.34335,8.0,93.5,6867.0,5000.0,0.15040774643421173,0.1897905170917511,0.3668,0.770675,0.19781724999999997,0.80195,0.013,0.1770876453118569,0.17434912594701696,14.018479997990653,,,negative_silhouette,negative_silhouette,0.30540033994266086,,,,,1.0
umap30_s42,gmm_k80_full,gmm,True,True,0.5898907449999999,"{""components"": 80, ""covariance"": ""full""}",80.0,0.0,0.04185,0.38295,6.0,42.0,7659.0,5000.0,0.21382474899291992,0.29312068223953247,0.2868,0.76764,0.17774925500000002,0.80195,0.03845,0.21075685691408896,0.21310169347422284,5.513747388962656,0.8543304708227245,0.9756,,,0.34046362540167774,0.8543304708227245,log_likelihood,0.024399999999999977,,1.0
umap15_s43,kmeans_k20,kmeans,False,False,0.616830295,"{""clusters"": 20}",20.0,0.0,0.0,0.2014,100.0,318.5,4028.0,5000.0,0.12297645211219788,0.12423385679721832,0.2866,0.7402,0.12336970500000001,0.80195,0.0,0.2006173181519297,0.18196924534008707,0.47006229404360056,,,,,0.5085395236126352,,,,,
umap15_s43,kmeans_k40,kmeans,False,False,0.62630224,"{""clusters"": 40}",40.0,0.0,0.0022,0.14605,44.0,188.0,2921.0,5000.0,0.1513584405183792,0.14520791172981262,0.2804,0.70365,0.07734776,0.80195,0.0,0.1880241603065461,0.1930896961691642,0.3662357069551945,,,,,0.6096106450571797,,,,,
umap15_s43,kmeans_k80,kmeans,True,False,0.630521205,"{""clusters"": 80}",80.0,0.0,0.03485,0.0918,27.0,76.5,1836.0,5000.0,0.16121433675289154,0.1671820431947708,0.249,0.67502,0.044498795,0.80195,0.01265,0.2233299745423808,0.22859570481266436,0.49257342680357397,0.5349717162687673,0.98945,,stability,0.5204777285396653,0.5349717162687673,native_centers,0.010549999999999948,,
umap15_s43,hdbscan_mcs100_ms10,hdbscan,False,False,0.05136284669154456,"{""min_cluster_size"": 100, ""min_samples"": 10}",4.0,0.2877,0.0,0.69225,109.0,146.0,13845.0,3568.0,0.4241565763950348,0.4512598514556885,0.021580717488789238,0.9961282570481298,0.9447654103565852,0.9776077495437315,0.0,0.01523062923016128,0.028515064787475647,3.245358404936269,,,"cluster_count,largest_cluster,neighbor_lift","cluster_count,largest_cluster,neighbor_lift",0.08373235962221393,,,,0.6901414113321601,
umap15_s43,hdbscan_mcs100_ms30,hdbscan,False,False,0.051613495148844835,"{""min_cluster_size"": 100, ""min_samples"": 30}",4.0,0.2913,0.0,0.68865,109.0,146.0,13773.0,3546.0,0.427151620388031,0.45414626598358154,0.02002256063169769,0.9961037506997574,0.9444902555509126,0.9793283476788486,0.0,0.015338608667376765,0.028761850308161686,4.422598922858015,,,"cluster_count,largest_cluster,neighbor_lift","cluster_count,largest_cluster,neighbor_lift",0.08311167379742986,,,,0.685189778824257,
umap15_s43,hdbscan_mcs250_ms10,hdbscan,False,False,0.13691253765433264,"{""min_cluster_size"": 250, ""min_samples"": 10}",2.0,0.3781,0.0,0.5727,984.0,6219.0,11454.0,3121.0,0.5290002822875977,0.572763979434967,0.01986542774751682,0.991205285544941,0.8542927478906084,0.9885029747547838,0.0,0.03869817376939411,0.050532172406250124,3.2328391768969595,,,"cluster_count,largest_cluster","cluster_count,largest_cluster",0.09939977588038773,,,,0.6012189739424978,
umap15_s43,hdbscan_mcs250_ms30,hdbscan,True,False,0.14065926207561685,"{""min_cluster_size"": 250, ""min_samples"": 30}",2.0,0.42365,0.0,0.52945,938.0,5763.5,10589.0,2890.0,0.5459862351417542,0.5892401933670044,0.020761245674740483,0.991154441527974,0.8504951794523572,0.9920187386136896,0.0,0.04158900892319388,0.05160507359996239,4.043192350072786,1.0,0.6237,"cluster_count,largest_cluster,noise","cluster_count,largest_cluster,noise,future_coverage",0.08766902508887552,0.9681994022542696,centroid_adapter,0.37629999999999997,0.5471259545992737,
umap15_s43,hdbscan_mcs500_ms10,hdbscan,False,False,0.13691253765433264,"{""min_cluster_size"": 500, ""min_samples"": 10}",2.0,0.3781,0.0,0.5727,984.0,6219.0,11454.0,3121.0,0.5290002822875977,0.572763979434967,0.01986542774751682,0.991205285544941,0.8542927478906084,0.9885029747547838,0.0,0.03869817376939411,0.050532172406250124,3.146704396000132,,,"cluster_count,largest_cluster","cluster_count,largest_cluster",0.09939977588038773,,,,0.545203151692875,
umap15_s43,hdbscan_mcs500_ms30,hdbscan,False,False,0.14065926207561685,"{""min_cluster_size"": 500, ""min_samples"": 30}",2.0,0.42365,0.0,0.52945,938.0,5763.5,10589.0,2890.0,0.5459862351417542,0.5892401933670044,0.020761245674740483,0.991154441527974,0.8504951794523572,0.9920187386136896,0.0,0.04158900892319388,0.05160507359996239,4.192941669840366,,,"cluster_count,largest_cluster,noise","cluster_count,largest_cluster,noise",0.08766902508887552,,,,0.516634606903393,
umap15_s43,cure_k20_r5_c0.5,cure,True,False,0.004444130000000102,"{""clusters"": 20, ""representatives"": 5, ""compression"": 0.5}",20.0,0.0,0.00725,0.99275,3.0,7.5,19855.0,5000.0,0.3998633921146393,0.5074825286865234,0.0956,0.99,0.9855558699999999,0.80195,0.00665,0.009361187359571204,0.00905539426315283,126.19724809704348,0.5308753174359729,0.956375,"largest_cluster,neighbor_lift","largest_cluster,neighbor_lift,stability",0.0014088885001185918,0.5308753174359729,representative_adapter,0.043625000000000025,,
umap15_s43,cure_k40_r5_c0.5,cure,False,False,0.013025759999999997,"{""clusters"": 40, ""representatives"": 5, ""compression"": 0.5}",40.0,0.0,0.0166,0.9834,2.0,8.0,19668.0,5000.0,0.37564215064048767,0.4936302900314331,0.138,0.98011,0.96708424,0.80195,0.016,0.013647386385873131,0.016154382164082073,121.22471862589009,,,"largest_cluster,neighbor_lift","largest_cluster,neighbor_lift",0.0036467706138728043,,,,,
umap15_s43,cure_k80_r5_c0.5,cure,False,False,0.022956559999999904,"{""clusters"": 80, ""representatives"": 5, ""compression"": 0.5}",80.0,0.0,0.03095,0.96905,2.0,7.0,19381.0,5000.0,0.38677480816841125,0.5075348615646362,0.1524,0.96203,0.9390734400000001,0.80195,0.02945,0.023270139275580512,0.030958895838751565,127.4529356600251,,,"largest_cluster,neighbor_lift","largest_cluster,neighbor_lift",0.007587720104236516,,,,,
umap15_s43,gmm_k20_full,gmm,False,False,0.596787085,"{""components"": 20, ""covariance"": ""full""}",20.0,0.0,0.0,0.35115,104.0,316.0,7023.0,5000.0,0.17477791011333466,0.25391846895217896,0.356,0.78105,0.184262915,0.80195,0.0,0.18798076596099494,0.17806945028012125,31.33506176294759,,,negative_silhouette,negative_silhouette,0.3238971084225296,,,,,1.0
umap15_s43,gmm_k40_full,gmm,False,False,0.624296205,"{""components"": 40, ""covariance"": ""full""}",40.0,0.0,0.00535,0.1636,12.0,148.0,3272.0,5000.0,0.1552085131406784,0.200261190533638,0.324,0.721245,0.096948795,0.80195,0.0102,0.20501227311359715,0.19753785010684452,13.766252086032182,,,,,0.4500669328694935,,,,,1.0
umap15_s43,gmm_k80_full,gmm,True,True,0.6267311600000001,"{""components"": 80, ""covariance"": ""full""}",80.0,0.0,0.0399,0.1576,10.0,68.0,3152.0,5000.0,0.18978743255138397,0.20714420080184937,0.2506,0.70845,0.08171883999999997,0.80195,0.01925,0.20274064113694296,0.20763931160594953,12.035780630074441,0.6416189746678312,0.9796,,,0.46687118314762927,0.6416189746678312,log_likelihood,0.020399999999999974,,1.0
umap15_s44,kmeans_k20,kmeans,False,False,0.63331245,"{""clusters"": 20}",20.0,0.0,0.0,0.18875,154.0,522.5,3775.0,5000.0,0.09358882158994675,0.09492431581020355,0.3828,0.728375,0.09506255000000001,0.80195,0.0,0.2146901012024619,0.19960500973918774,0.42734491801820695,,,negative_silhouette,negative_silhouette,0.5551007753494639,,,,,
umap15_s44,kmeans_k40,kmeans,False,False,0.6438868649999999,"{""clusters"": 40}",40.0,0.0,0.00535,0.10505,29.0,227.0,2101.0,5000.0,0.14908874034881592,0.1586027443408966,0.3028,0.706015,0.062128135,0.80195,0.00915,0.21150017221130443,0.21199727440449082,0.3635334661230445,,,,,0.5835009312383975,,,,,
umap15_s44,kmeans_k80,kmeans,True,False,0.621610585,"{""clusters"": 80}",80.0,0.0,0.0239,0.0614,17.0,116.0,1228.0,5000.0,0.1606663465499878,0.14496490359306335,0.259,0.65378,0.03216941500000001,0.80195,0.01145,0.21416513964155245,0.2295242960209053,0.48559234384447336,0.4848437114324838,0.978025,,stability,0.4027390129819246,0.4848437114324838,native_centers,0.021974999999999967,,
umap15_s44,hdbscan_mcs100_ms10,hdbscan,False,False,0.03035352988110407,"{""min_cluster_size"": 100, ""min_samples"": 10}",3.0,0.2966,0.0,0.6912,108.0,136.0,13824.0,3522.0,0.4203948378562927,0.46469879150390625,0.011073253833049404,0.9961180940367317,0.9657645641556276,0.9766846744384419,0.0,0.009784941218219776,0.014610899520626996,3.3727045541163534,,,"cluster_count,largest_cluster,neighbor_lift","cluster_count,largest_cluster,neighbor_lift",0.08351595702414673,,,,0.688715410705543,
umap15_s44,hdbscan_mcs100_ms30,hdbscan,False,False,0.030427760632902867,"{""min_cluster_size"": 100, ""min_samples"": 30}",3.0,0.29835,0.0,0.68945,108.0,136.0,13789.0,3513.0,0.42178305983543396,0.46628743410110474,0.011101622544833475,0.9961080706720165,0.9656803100391136,0.9774103897954821,0.0,0.009819015003835826,0.014644652861075384,4.573667935794219,,,"cluster_count,largest_cluster,neighbor_lift","cluster_count,largest_cluster,neighbor_lift",0.08351835418087414,,,,0.6760206163977885,
umap15_s44,hdbscan_mcs250_ms10,hdbscan,False,False,0.15347666464802967,"{""min_cluster_size"": 250, ""min_samples"": 10}",2.0,0.35315,0.0,0.58885,1160.0,6468.5,11777.0,3238.0,0.5108841061592102,0.5568668246269226,0.02964793082149475,0.9902257949326934,0.8367491302846637,0.9853907397387338,0.0,0.039797068886972584,0.055386355204712676,3.2167419989127666,,,"cluster_count,largest_cluster","cluster_count,largest_cluster",0.10651152274802382,,,,0.6086760760497983,
umap15_s44,hdbscan_mcs250_ms30,hdbscan,True,False,0.15900809684688588,"{""min_cluster_size"": 250, ""min_samples"": 30}",2.0,0.3964,0.0,0.5474,1124.0,6036.0,10948.0,3011.0,0.5319733023643494,0.5751233696937561,0.02391232148787778,0.9901302659748177,0.8311221691279318,0.9903081510934394,0.0,0.04311167874210402,0.0562380991347507,4.313183076912537,1.0,0.62945,"cluster_count,largest_cluster","cluster_count,largest_cluster,future_coverage",0.09655711669665701,0.9594854755306205,centroid_adapter,0.37055000000000005,0.5594363926192022,
umap15_s44,hdbscan_mcs500_ms10,hdbscan,False,False,0.15347666464802967,"{""min_cluster_size"": 500, ""min_samples"": 10}",2.0,0.35315,0.0,0.58885,1160.0,6468.5,11777.0,3238.0,0.5108841061592102,0.5568668246269226,0.02964793082149475,0.9902257949326934,0.8367491302846637,0.9853907397387338,0.0,0.039797068886972584,0.055386355204712676,3.0731527789030224,,,"cluster_count,largest_cluster","cluster_count,largest_cluster",0.10651152274802382,,,,0.560223650899174,
umap15_s44,hdbscan_mcs500_ms30,hdbscan,False,False,0.15900809684688588,"{""min_cluster_size"": 500, ""min_samples"": 30}",2.0,0.3964,0.0,0.5474,1124.0,6036.0,10948.0,3011.0,0.5319733023643494,0.5751233696937561,0.02391232148787778,0.9901302659748177,0.8311221691279318,0.9903081510934394,0.0,0.04311167874210402,0.0562380991347507,4.56838667485863,,,"cluster_count,largest_cluster","cluster_count,largest_cluster",0.09655711669665701,,,,0.5344951094955699,
umap15_s44,cure_k20_r5_c0.5,cure,True,False,0.009709775000000032,"{""clusters"": 20, ""representatives"": 5, ""compression"": 0.5}",20.0,0.0,0.01075,0.98925,1.0,10.0,19785.0,5000.0,0.4049626588821411,0.5098811388015747,0.09,0.988335,0.9786252249999999,0.80195,0.01075,0.009888889578168166,0.011172090821369473,123.24441697099246,0.29600639126609385,0.9665,"largest_cluster,neighbor_lift","largest_cluster,neighbor_lift,stability",0.002905784648745655,0.29600639126609385,representative_adapter,0.033499999999999974,,
umap15_s44,cure_k40_r5_c0.5,cure,False,False,0.01731123000000001,"{""clusters"": 40, ""representatives"": 5, ""compression"": 0.5}",40.0,0.0,0.01985,0.98015,1.0,9.5,19603.0,5000.0,0.39780789613723755,0.5108307600021362,0.1278,0.97802,0.96070877,0.80195,0.01985,0.014443517671922307,0.01976747110726865,112.27262169495225,,,"largest_cluster,neighbor_lift","largest_cluster,neighbor_lift",0.0053420121158424365,,,,,
umap15_s44,cure_k80_r5_c0.5,cure,False,False,0.0345537749999999,"{""clusters"": 80, ""representatives"": 5, ""compression"": 0.5}",80.0,0.0,0.0403,0.9597,1.0,8.5,19194.0,5000.0,0.40001797676086426,0.5145643949508667,0.1526,0.95561,0.9210562250000001,0.80195,0.03815,0.021030869726193602,0.03425821741137087,116.46081567392685,,,"largest_cluster,neighbor_lift","largest_cluster,neighbor_lift",0.011227314339280479,,,,,
umap15_s44,gmm_k20_full,gmm,False,False,0.6422068599999999,"{""components"": 20, ""covariance"": ""full""}",20.0,0.0,0.0,0.22125,138.0,338.5,4425.0,5000.0,0.1292203813791275,0.17218536138534546,0.3814,0.767485,0.12527814,0.80195,0.0,0.21709844052267427,0.20815139568996527,29.39912266191095,,,negative_silhouette,negative_silhouette,0.38869962972486205,,,,,1.0
umap15_s44,gmm_k40_full,gmm,False,False,0.625545595,"{""components"": 40, ""covariance"": ""full""}",40.0,0.0,0.0071,0.22615,21.0,149.5,4523.0,5000.0,0.1662251502275467,0.20933392643928528,0.302,0.736745,0.111199405,0.80195,0.0114,0.20340100928379587,0.19927677083935297,10.55122742895037,,,,,0.45406357799280495,,,,,1.0
umap15_s44,gmm_k80_full,gmm,True,False,0.647271665,"{""components"": 80, ""covariance"": ""full""}",80.0,0.0,0.02575,0.12715,8.0,83.0,2543.0,5000.0,0.22713452577590942,0.2494620382785797,0.2062,0.70777,0.060498335,0.80195,0.03335,0.2084349258092639,0.2215397796202369,8.223169317934662,0.5619716757283731,0.982975,,stability,0.5388236111489162,0.5619716757283731,log_likelihood,0.017024999999999957,,1.0
