split,model,cluster_id,wis,mae,rmse,wape,relative_bias,coverage_50,coverage_80,coverage_95,width_50,width_80,width_95,upper_95_excess_fraction,impossible_probability
fit,model,-1,20.743616995073893,36.824568965517244,59.639220032558725,0.12470417310544282,-0.018407925825298647,0.5692528735632184,0.8241379310344827,0.9454022988505747,69.66774425287356,133.65048850574715,207.74882183908036,0.03649425287356322,0.0
fit,model,0,5.153706896551726,8.591954022988507,13.372320872505318,0.40231431646932186,-0.06216361679224973,0.632183908045977,0.8390804597701149,0.9540229885057471,17.0316091954023,32.69885057471266,50.99367816091951,0.022988505747126436,0.0
fit,model,1,14.300316091954024,24.557471264367816,42.55574437500001,0.3602866779089376,-0.08558178752107926,0.632183908045977,0.8275862068965517,0.9310344827586207,43.35057471264368,83.08160919540232,129.77528735632174,0.022988505747126436,0.0
fit,model,2,12.304642857142857,22.04597701149425,31.640309660341487,0.22808895231299797,-0.08502794624806755,0.5632183908045977,0.7816091954022989,0.9310344827586207,42.71264367816092,81.7505747126437,126.72816091954013,0.034482758620689655,0.0
fit,model,3,27.880552134646965,50.38505747126437,66.79930053319524,0.12739769820971866,-0.03922053010927691,0.5057471264367817,0.8275862068965517,0.9310344827586207,92.41091954022988,175.80804597701157,270.55660919540225,0.05747126436781609,0.0
fit,model,4,15.261570197044334,26.333333333333332,39.17614216513066,0.17717113912303767,-0.021653391075709537,0.5632183908045977,0.8160919540229885,0.9885057471264368,49.48275862068966,94.52988505747129,146.01752873563208,0.011494252873563218,0.0
fit,model,5,18.437029967159276,27.683908045977013,41.40648652610822,0.25603274157542255,-0.12038907196768364,0.6896551724137931,0.8620689655172413,0.9425287356321839,70.8132183908046,136.3609195402299,213.5968390804597,0.04597701149425287,0.0
fit,model,6,13.368507799671596,23.488505747126435,32.593587621232935,0.15468170464007266,-0.008818408901672849,0.5862068965517241,0.8735632183908046,0.9540229885057471,42.97701149425287,82.07816091954024,126.01408045977006,0.022988505747126436,0.0
fit,model,7,17.067286535303772,29.54597701149425,39.079825468145195,0.22479230432881503,-0.04368167905553126,0.6091954022988506,0.8505747126436781,0.9540229885057471,62.5,119.44942528735635,186.0936781609194,0.034482758620689655,0.0
fit,model,8,45.902116174055834,83.70114942528735,107.62039502476915,0.06433203173313073,0.018799583016767672,0.5057471264367817,0.8275862068965517,0.9540229885057471,149.066091954023,283.3632183908046,436.67672413793093,0.011494252873563218,0.0
fit,model,9,5.255299671592776,9.574712643678161,13.339725479261894,0.3318725099601594,-0.024302788844621514,0.5287356321839081,0.896551724137931,0.9540229885057471,17.310344827586206,33.08850574712645,51.204022988505706,0.022988505747126436,0.0
fit,model,10,14.524295977011494,26.982758620689655,35.7075042822789,0.25833608451634205,-0.046384945526576425,0.4827586206896552,0.735632183908046,0.9655172413793104,48.00574712643678,91.63333333333335,142.362356321839,0.022988505747126436,0.0
fit,model,11,45.575098522167494,82.53448275862068,107.16062441628155,0.0766500496375922,-0.0006885214402374064,0.5287356321839081,0.8390804597701149,0.9425287356321839,147.23850574712642,280.2574712643677,432.0643678160919,0.04597701149425287,0.0
fit,model,12,31.154378078817732,54.770114942528735,75.36478338529636,0.05775547555846454,0.00486042931772178,0.5977011494252874,0.8275862068965517,0.9425287356321839,99.29310344827586,189.43103448275863,290.497988505747,0.04597701149425287,0.0
fit,model,13,36.75644499178981,68.06896551724138,86.69738624439145,0.06401400914485846,0.010982477759401584,0.5057471264367817,0.7701149425287356,0.9655172413793104,118.16379310344827,225.22298850574714,346.2689655172412,0.0,0.0
fit,model,14,62.06461822660099,117.16091954022988,145.5409054953754,0.06020922306297366,-0.004743255775489831,0.4942528735632184,0.8390804597701149,0.9425287356321839,198.41666666666666,380.35057471264366,586.1902298850572,0.034482758620689655,0.0
fit,model,15,16.62920155993432,27.022988505747126,39.047642576788135,0.3188228912394901,-0.0876050989964741,0.6206896551724138,0.8390804597701149,0.9655172413793104,56.58620689655172,108.34942528735635,169.50660919540218,0.022988505747126436,0.0
fit,model,16,16.964144088669954,29.7183908045977,46.61171847133052,0.2798160173160173,-0.11076839826839827,0.6206896551724138,0.8505747126436781,0.9540229885057471,63.15229885057471,121.13448275862073,191.16063218390795,0.04597701149425287,0.0
fit,model,17,47.830010262725786,88.49425287356321,116.14932917011043,0.11422170791050976,0.007981722152987954,0.5287356321839081,0.8275862068965517,0.9540229885057471,151.07183908045977,288.64252873563225,442.8554597701148,0.022988505747126436,0.0
fit,model,18,14.699421182266013,25.977011494252874,38.7556447501522,0.21234614300479188,-0.027247956403269755,0.6206896551724138,0.8620689655172413,0.9310344827586207,48.43103448275862,92.51609195402303,142.68218390804591,0.05747126436781609,0.0
fit,model,19,34.43014573070608,62.44827586206897,81.77253283613503,0.087881336740966,-0.01748568470770923,0.5402298850574713,0.8160919540229885,0.9885057471264368,117.08908045977012,224.12988505747128,344.1778735632183,0.011494252873563218,0.0
fit,model,20,8.346631773399016,13.666666666666666,21.418919555909646,0.3584564365390413,-0.10973771480253242,0.6551724137931034,0.8850574712643678,0.9425287356321839,29.25862068965517,56.2873563218391,88.66637931034477,0.034482758620689655,0.0
fit,model,21,7.2681157635468,13.149425287356323,16.79850157521241,0.2845771144278607,-0.060945273631840796,0.5172413793103449,0.7816091954022989,0.9655172413793104,24.738505747126435,47.4344827586207,73.64310344827578,0.022988505747126436,0.0
fit,model,22,15.875309934318553,28.885057471264368,39.51232893580223,0.2042259244209671,-0.01917919544900447,0.5057471264367817,0.8275862068965517,0.9080459770114943,51.548850574712645,98.5586206896552,151.93534482758614,0.04597701149425287,0.0
fit,model,23,15.71507594417077,25.195402298850574,37.81078116640534,0.3452512206646716,-0.14632225547330288,0.6781609195402298,0.8275862068965517,0.9425287356321839,58.87068965517241,113.84942528735634,180.27040229885048,0.04597701149425287,0.0
fit,model,24,15.00173645320197,26.442528735632184,41.95608678595759,0.2399103139013453,-0.05605381165919283,0.5747126436781609,0.8275862068965517,0.9310344827586207,49.60919540229885,94.93908045977014,146.9005747126436,0.04597701149425287,0.0
fit,model,25,15.59052545155993,28.448275862068964,37.04943885594261,0.18006547835576572,-0.02233539468897781,0.5862068965517241,0.8390804597701149,0.9310344827586207,49.985632183908045,95.33793103448278,146.98275862068957,0.04597701149425287,0.0
fit,model,26,17.745697865353037,31.379310344827587,44.917868855598385,0.2494061757719715,-0.04074547780010963,0.5287356321839081,0.7931034482758621,0.9310344827586207,62.4683908045977,119.4724137931035,185.7781609195401,0.034482758620689655,0.0
fit,model,27,15.13140599343185,27.64367816091954,37.68944484698021,0.30343174362856423,-0.06901337370678778,0.5057471264367817,0.8045977011494253,0.9540229885057471,48.76149425287356,93.66206896551726,145.6508620689654,0.04597701149425287,0.0
fit,model,28,16.175738916256158,29.729885057471265,45.905230964292706,0.3788078500292911,-0.13642355008787346,0.5747126436781609,0.7816091954022989,0.9540229885057471,58.43390804597701,113.18160919540233,178.7678160919539,0.022988505747126436,0.0
fit,model,29,15.157842775041052,28.298850574712645,43.67651463927133,0.27392078326657765,-0.06864708500222519,0.5402298850574713,0.7816091954022989,0.9540229885057471,45.479885057471265,86.74367816091956,133.30143678160908,0.034482758620689655,0.0
fit,model,30,25.122348111658454,45.7816091954023,75.81139634706615,0.18712708480150342,-0.04186046511627907,0.5517241379310345,0.8390804597701149,0.9425287356321839,78.85344827586206,151.65287356321844,233.44252873563207,0.05747126436781609,0.0
fit,model,31,23.81248973727422,38.88505747126437,64.24848493226867,0.4230865432716358,-0.36330665332666334,0.6436781609195402,0.8505747126436781,0.9425287356321839,99.52873563218391,200.37241379310356,338.7071839080458,0.05747126436781609,0.0
fit,model,32,17.0630316091954,29.977011494252874,45.69130554382147,0.2917552298914867,-0.0911735093410896,0.5632183908045977,0.7931034482758621,0.9425287356321839,57.60344827586207,110.97931034482764,172.3554597701148,0.034482758620689655,0.0
fit,model,33,19.459620279146144,32.752873563218394,52.6559806560525,0.41369047619047616,-0.08326074332171893,0.5287356321839081,0.8045977011494253,0.9425287356321839,62.02873563218391,120.1954022988506,188.42729885057457,0.04597701149425287,0.0
fit,model,34,16.262329638752053,27.49425287356322,34.890963161610024,0.3888798569338319,-0.1324987806860673,0.6206896551724138,0.8390804597701149,0.9195402298850575,59.63793103448276,115.9402298850575,183.42499999999987,0.022988505747126436,0.0
fit,model,35,6.602779146141213,11.78735632183908,16.984018857494362,0.35509002770083103,-0.07531163434903047,0.5402298850574713,0.8045977011494253,0.9310344827586207,22.614942528735632,43.45402298850575,68.11321839080455,0.05747126436781609,0.0
fit,model,36,46.380465927750414,81.2816091954023,105.47788077759874,0.1366605469127452,-0.008667504106676974,0.5977011494252874,0.8505747126436781,0.9425287356321839,156.6867816091954,299.28850574712646,460.53074712643667,0.04597701149425287,0.0
fit,model,37,13.783456486042695,23.45402298850575,37.80375065014569,0.3286358511837655,-0.1373006925430826,0.5172413793103449,0.8275862068965517,0.9195402298850575,51.86494252873563,100.59885057471267,158.4206896551723,0.05747126436781609,0.0
fit,model,38,10.905026683087028,18.735632183908045,25.098770405381792,0.26067487605949147,-0.10331041100271869,0.5517241379310345,0.7586206896551724,0.9425287356321839,40.97701149425287,78.43678160919545,122.57729885057464,0.034482758620689655,0.0
fit,model,39,12.786264367816095,20.908045977011493,31.04640575565596,0.2162387066096053,-0.0676414645744175,0.632183908045977,0.8390804597701149,0.9310344827586207,42.6551724137931,81.75747126436784,126.63333333333325,0.06896551724137931,0.0
fit,baseline,-1,55.941791256157636,67.4301724137931,108.51402195002319,0.22834819603981207,-0.0005517560829405193,0.08419540229885057,0.175,0.27011494252873564,19.03814655172414,36.183706896551726,55.21839080459768,0.2956896551724138,0.0
fit,baseline,0,9.020316091954024,12.563218390804598,16.18605899368733,0.5882669537136707,0.003767491926803014,0.16091954022988506,0.26436781609195403,0.45977011494252873,6.198275862068965,11.795402298850577,17.96724137931034,0.22988505747126436,0.0
fit,baseline,1,26.15447660098522,32.10344827586207,54.66123466143665,0.4709949409780776,-0.02748735244519393,0.10344827586206896,0.27586206896551724,0.41379310344827586,10.876436781609195,20.69425287356322,31.717528735632172,0.13793103448275862,0.0
fit,baseline,2,39.48729679802956,47.63793103448276,64.87372792365677,0.4928647877274349,-0.02860030919253181,0.04597701149425287,0.12643678160919541,0.26436781609195403,12.902298850574713,24.620689655172413,37.439942528735614,0.26436781609195403,0.0
fit,baseline,3,64.99616789819376,80.65517241379311,121.64206962826749,0.20393513136479888,-0.008282957451755406,0.06896551724137931,0.1724137931034483,0.3103448275862069,26.482758620689655,50.20919540229886,76.92557471264365,0.25287356321839083,0.0
fit,baseline,4,31.76250821018062,41.10919540229885,52.42358971513387,0.27658340422241123,-0.010401361070296187,0.13793103448275862,0.2413793103448276,0.3333333333333333,16.2816091954023,30.821839080459775,47.24540229885056,0.2988505747126437,0.0
fit,baseline,5,33.144150246305415,40.758620689655174,53.33450070561495,0.3769533326246412,-0.031465929626873605,0.16091954022988506,0.26436781609195403,0.3333333333333333,13.686781609195402,26.074712643678165,39.88793103448275,0.3448275862068966,0.0
fit,baseline,6,47.03651272577996,57.52298850574713,66.58537428719251,0.37881311028688214,0.0020059041707667855,0.04597701149425287,0.12643678160919541,0.13793103448275862,16.485632183908045,31.26091954022989,47.77499999999999,0.3793103448275862,0.0
fit,baseline,7,29.766744663382603,38.85057471264368,47.61199742554995,0.29558373414954087,-0.030170529077393964,0.05747126436781609,0.21839080459770116,0.3563218390804598,15.10344827586207,28.61379310344828,43.808620689655164,0.3448275862068966,0.0
fit,baseline,8,193.92695197044338,225.1551724137931,276.09226656169204,0.17305245861088042,0.019422407548103256,0.05747126436781609,0.08045977011494253,0.11494252873563218,48.62931034482759,92.39770114942529,141.29166666666663,0.5402298850574713,0.0
fit,baseline,9,10.314080459770116,14.419540229885058,18.252460076673902,0.499800796812749,0.02091633466135458,0.10344827586206896,0.27586206896551724,0.47126436781609193,7.293103448275862,13.817241379310344,21.070114942528733,0.1839080459770115,0.0
fit,baseline,10,32.548866995073894,40.798850574712645,50.23659539858747,0.39061296357433695,-0.0292175635523275,0.05747126436781609,0.16091954022988506,0.2988505747126437,13.35919540229885,25.63908045977012,39.10689655172413,0.28735632183908044,0.0
fit,baseline,11,121.05571018062396,147.91954022988506,177.73952593742274,0.13737337076612688,-0.0007258830687774208,0.06896551724137931,0.13793103448275862,0.22988505747126436,43.833333333333336,83.7057471264368,127.05689655172408,0.4367816091954023,0.0
fit,baseline,12,79.104552545156,102.84482758620689,128.2341272022013,0.10845060179629831,0.007908803316243046,0.12643678160919541,0.2413793103448276,0.39080459770114945,41.57183908045977,78.79310344827589,120.03390804597697,0.3103448275862069,0.0
fit,baseline,13,161.9943924466338,189.17816091954023,229.40051182939024,0.17790857303455807,0.013506501929500276,0.06896551724137931,0.13793103448275862,0.21839080459770116,43.701149425287355,83.41264367816093,127.11609195402295,0.45977011494252873,0.0
fit,baseline,14,101.62976190476192,135.10344827586206,171.6094536955967,0.06942992326912513,0.005068136308057628,0.11494252873563218,0.2413793103448276,0.42528735632183906,59.39942528735632,112.3287356321839,171.17931034482754,0.26436781609195403,0.0
fit,baseline,15,28.391280788177358,35.53448275862069,45.252706783841866,0.4192432872253865,-0.010916734472470843,0.10344827586206896,0.21839080459770116,0.28735632183908044,12.175287356321839,23.258620689655174,35.48620689655171,0.3103448275862069,0.0
fit,baseline,16,50.8569499178982,59.37931034482759,75.81044873848877,0.5590909090909091,-0.03398268398268398,0.034482758620689655,0.11494252873563218,0.1724137931034483,13.635057471264368,25.818390804597698,39.37183908045975,0.3103448275862069,0.0
fit,baseline,17,191.99487068965516,215.683908045977,278.5732584883689,0.27838852293632427,0.015496112990326983,0.05747126436781609,0.09195402298850575,0.13793103448275862,37.451149425287355,71.42528735632186,108.9313218390804,0.3448275862068966,0.0
fit,baseline,18,25.919068144499175,34.0632183908046,53.18956016310745,0.27844592690031006,-0.024945973879545242,0.12643678160919541,0.28735632183908044,0.45977011494252873,14.623563218390805,27.68505747126437,42.39482758620688,0.1839080459770115,0.0
fit,baseline,19,116.29335796387522,138.82758620689654,165.88564126232112,0.19536734495810554,-0.015221118695609976,0.034482758620689655,0.12643678160919541,0.19540229885057472,35.50574712643678,67.18735632183909,102.435632183908,0.3333333333333333,0.0
fit,baseline,20,16.678752052545157,21.54597701149425,26.97087616151059,0.565119083509195,-0.028791076273741334,0.08045977011494253,0.1724137931034483,0.26436781609195403,8.163793103448276,15.455172413793111,23.49770114942528,0.25287356321839083,0.0
fit,baseline,21,22.511800082101807,27.885057471264368,33.605897128912964,0.6034825870646766,-0.019402985074626865,0.09195402298850575,0.19540229885057472,0.22988505747126436,9.025862068965518,17.03448275862069,25.968103448275855,0.3563218390804598,0.0
fit,baseline,22,29.090925697865348,38.39655172413793,50.49692718544777,0.27147501015847214,0.0065420560747663555,0.09195402298850575,0.21839080459770116,0.3563218390804598,15.988505747126437,30.316091954022994,46.304310344827556,0.2413793103448276,0.0
fit,baseline,23,33.70600164203612,40.44252873563219,53.32951674562445,0.5541817609072295,-0.02968971491573476,0.08045977011494253,0.13793103448275862,0.25287356321839083,11.189655172413794,21.341379310344838,32.543678160919534,0.2413793103448276,0.0
fit,baseline,24,46.30795977011494,55.264367816091955,73.66010008700495,0.5014078631765565,-0.02815726353112942,0.034482758620689655,0.05747126436781609,0.1724137931034483,13.824712643678161,26.31954022988506,40.244252873563205,0.2988505747126437,0.0
fit,baseline,25,30.75519293924466,39.37931034482759,51.930103333075586,0.24925427428155694,-0.0043652237177155325,0.19540229885057472,0.3333333333333333,0.40229885057471265,16.778735632183906,31.871264367816103,48.50057471264366,0.3333333333333333,0.0
fit,baseline,26,52.04966133004927,61.57471264367816,78.3276715977887,0.4894025214690298,-0.00968390279554175,0.034482758620689655,0.10344827586206896,0.1724137931034483,14.92816091954023,28.281609195402304,43.54454022988504,0.25287356321839083,0.0
fit,baseline,27,23.32285509031199,30.32183908045977,42.357468909435475,0.33282866515266213,-0.028261418117587686,0.14942528735632185,0.27586206896551724,0.40229885057471265,12.528735632183908,23.877011494252876,36.49626436781608,0.22988505747126436,0.0
fit,baseline,28,46.13713875205255,53.247126436781606,72.66339099439688,0.6784563561804335,-0.02233450497949619,0.05747126436781609,0.12643678160919541,0.1724137931034483,11.755747126436782,22.22298850574713,34.14080459770114,0.2413793103448276,0.0
fit,baseline,29,36.564460180623975,44.59770114942529,62.62789213731545,0.43168669336893634,-0.023141967067200713,0.08045977011494253,0.19540229885057472,0.28735632183908044,13.482758620689655,25.614942528735632,38.86350574712644,0.25287356321839083,0.0
fit,baseline,30,107.19019499178982,120.23563218390805,172.95478945493906,0.49144937749588913,-0.02534648813718581,0.034482758620689655,0.09195402298850575,0.13793103448275862,20.612068965517242,39.303448275862074,59.95948275862066,0.20689655172413793,0.0
fit,baseline,31,69.00365353037766,77.17241379310344,94.15541078084861,0.8396698349174587,-0.03426713356678339,0.011494252873563218,0.04597701149425287,0.06896551724137931,12.508620689655173,23.88390804597701,36.475862068965505,0.3218390804597701,0.0
fit,baseline,32,45.14749178981938,53.35057471264368,67.98489098541565,0.5192415258977514,-0.026233359436178542,0.09195402298850575,0.12643678160919541,0.16091954022988506,13.373563218390805,25.316091954022994,38.729310344827574,0.3218390804597701,0.0
fit,baseline,33,49.292768883415434,56.4080459770115,75.61185289920209,0.7124709639953543,-0.013429152148664344,0.09195402298850575,0.13793103448275862,0.16091954022988506,11.74712643678161,22.360919540229887,34.13017241379309,0.27586206896551724,0.0
fit,baseline,34,21.48361658456486,27.867816091954023,34.97753794822529,0.394163550642172,0.01975288570964071,0.12643678160919541,0.2413793103448276,0.3793103448275862,11.244252873563218,21.51954022988506,32.829310344827576,0.27586206896551724,0.0
fit,baseline,35,15.269661330049258,19.92528735632184,23.98904203862744,0.6002423822714681,-0.040685595567867036,0.08045977011494253,0.14942528735632185,0.2988505747126437,7.649425287356322,14.313793103448278,21.92270114942528,0.3218390804597701,0.0
fit,baseline,36,92.93909688013136,113.24137931034483,138.18289146726116,0.19039520726640255,-0.003304667117595903,0.05747126436781609,0.11494252873563218,0.19540229885057472,32.52298850574713,61.95517241379311,94.2045977011494,0.3103448275862069,0.0
fit,baseline,37,41.04125410509032,47.91379310344828,64.21025538457017,0.6713641488162345,-0.03277500402641327,0.05747126436781609,0.10344827586206896,0.1724137931034483,11.086206896551724,21.11264367816093,32.106609195402285,0.27586206896551724,0.0
fit,baseline,38,30.808733579638744,37.706896551724135,48.81447990377304,0.5246281784743323,-0.02982568367183752,0.05747126436781609,0.16091954022988506,0.2413793103448276,11.129310344827585,21.119540229885057,32.42844827586206,0.26436781609195403,0.0
fit,baseline,39,32.97241379310345,40.62068965517241,50.02533840723739,0.42011412268188303,-0.030670470756062766,0.12643678160919541,0.20689655172413793,0.26436781609195403,12.790229885057471,24.568965517241384,37.60344827586205,0.3333333333333333,0.0
calibration,model,-1,30.296186755952377,52.52708333333333,89.64913668481886,0.11747357042683353,-0.02073830412762607,0.61875,0.8520833333333333,0.96875,108.22083333333333,207.5735416666667,323.80322916666654,0.022916666666666665,0.0
calibration,model,0,5.813065476190476,10.75,13.518505834595775,0.4742647058823529,-0.16544117647058823,0.4166666666666667,0.6666666666666666,1.0,16.1875,30.675,48.42083333333331,0.0,0.0
calibration,model,1,18.703735119047618,36.916666666666664,44.48314287457666,0.4199052132701422,-0.14123222748815165,0.4166666666666667,0.75,1.0,52.479166666666664,100.53333333333337,157.7645833333333,0.0,0.0
calibration,model,2,31.010238095238094,57.625,68.25763083104091,0.2048281990521327,0.02295616113744076,0.6666666666666666,1.0,1.0,135.47916666666666,256.0416666666667,393.3083333333331,0.0,0.0
calibration,model,3,66.09537202380953,123.875,147.0697821897256,0.10266592996753919,-0.021928309966157883,0.5,1.0,1.0,283.3333333333333,531.1916666666667,821.9187499999995,0.0,0.0
calibration,model,4,13.483601190476188,25.625,30.844029676205842,0.20847457627118643,0.11220338983050847,0.4166666666666667,0.75,1.0,46.145833333333336,89.51666666666667,137.3458333333333,0.0,0.0
calibration,model,5,38.29863095238096,41.666666666666664,60.23184373734545,0.1339764201500536,-0.08842443729903537,0.9166666666666666,1.0,1.0,205.60416666666666,397.94166666666683,628.1666666666663,0.0,0.0
calibration,model,6,16.86735119047619,30.75,38.49134101760204,0.18816930137684854,0.008669046404895462,0.4166666666666667,0.6666666666666666,0.9166666666666666,46.833333333333336,89.37500000000004,137.2625,0.08333333333333333,0.0
calibration,model,7,25.135877976190486,46.833333333333336,56.203499297938144,0.22213438735177865,-0.07193675889328063,0.75,0.9166666666666666,1.0,96.10416666666667,185.2166666666667,287.11458333333326,0.0,0.0
calibration,model,8,58.8046130952381,111.20833333333333,137.18957382639056,0.07203001025530308,-0.033761537215955095,0.3333333333333333,0.8333333333333334,0.9166666666666666,167.14583333333334,319.55,491.40416666666647,0.08333333333333333,0.0
calibration,model,9,2.8101636904761906,4.916666666666667,5.605057240266746,0.2388663967611336,0.044534412955465584,0.75,1.0,1.0,13.666666666666666,26.25,40.0895833333333,0.0,0.0
calibration,model,10,34.92778273809525,55.958333333333336,82.61519735093134,0.22147097625329815,-0.15946569920844328,0.5,0.8333333333333334,0.9166666666666666,99.89583333333333,190.10000000000002,293.3645833333332,0.08333333333333333,0.0
calibration,model,11,55.7049255952381,99.875,124.7874025426178,0.07274658573596358,0.01896813353566009,0.5,0.6666666666666666,1.0,187.39583333333334,360.0833333333333,554.2312499999997,0.0,0.0
calibration,model,12,38.7853869047619,68.16666666666667,89.26155387399437,0.05147567805676169,-0.011012522811654395,0.5833333333333334,0.8333333333333334,1.0,133.33333333333334,254.20833333333334,389.7874999999999,0.0,0.0
calibration,model,13,40.13805059523809,84.33333333333333,92.8832152041835,0.0647721454173067,-0.002944188428059396,0.3333333333333333,0.8333333333333334,1.0,141.5,266.91666666666674,416.66041666666644,0.0,0.0
calibration,model,14,148.00611607142858,245.83333333333334,331.42847393266214,0.06081972620814778,-0.043109846610588816,0.5833333333333334,0.75,0.9166666666666666,391.6875,742.6583333333334,1143.8479166666664,0.08333333333333333,0.0
calibration,model,15,9.000863095238095,13.333333333333334,15.088627063675034,0.237741456166419,0.08320950965824665,0.75,1.0,1.0,44.270833333333336,86.2666666666667,135.67916666666662,0.0,0.0
calibration,model,16,33.39870535714285,52.416666666666664,60.387291709431715,0.20095846645367413,0.0025559105431309905,0.8333333333333334,1.0,1.0,171.875,330.2750000000001,520.9687499999999,0.0,0.0
calibration,model,17,38.842708333333334,68.45833333333333,89.08434673573878,0.11312310658220875,0.0433076287524098,0.5,0.8333333333333334,0.9166666666666666,123.95833333333333,235.21666666666678,362.52916666666664,0.0,0.0
calibration,model,18,25.937083333333334,44.5,58.11626278418116,0.3576691225720027,-0.03750837240455459,0.3333333333333333,0.5833333333333334,0.9166666666666666,49.166666666666664,93.44166666666668,142.7583333333333,0.08333333333333333,0.0
calibration,model,19,93.54726190476192,172.25,213.49921935844793,0.125,-0.01191340106434446,0.4166666666666667,0.5833333333333334,0.9166666666666666,224.04166666666666,423.5083333333334,645.7499999999997,0.08333333333333333,0.0
calibration,model,20,6.384047619047617,10.166666666666666,13.922404006971401,0.3193717277486911,0.05759162303664921,0.75,0.9166666666666666,1.0,28.708333333333332,56.416666666666664,87.68333333333324,0.0,0.0
calibration,model,21,6.585520833333334,12.291666666666666,13.663363421939708,0.24831649831649832,0.034511784511784514,0.75,0.9166666666666666,1.0,29.125,55.45000000000004,86.42291666666664,0.0,0.0
calibration,model,22,13.860654761904762,21.875,27.30117518838093,0.1152832674571805,0.0032938076416337285,0.75,1.0,1.0,69.9375,134.62500000000003,205.9499999999999,0.0,0.0
calibration,model,23,16.77949404761905,22.5,31.13880216064838,0.2084942084942085,-0.15057915057915058,0.75,1.0,1.0,86.4375,166.5333333333334,262.78749999999985,0.0,0.0
calibration,model,24,14.600223214285712,19.375,24.14064691207204,0.11625,0.01225,0.9166666666666666,1.0,1.0,79.27083333333333,151.45000000000002,234.68958333333322,0.0,0.0
calibration,model,25,18.302083333333332,38.041666666666664,41.64657849091567,0.2325522159959246,0.09144167091186958,0.25,0.75,1.0,57.479166666666664,108.85000000000002,168.76666666666662,0.0,0.0
calibration,model,26,13.18751488095238,20.916666666666668,23.763592601568757,0.16600529100529102,0.05357142857142857,1.0,1.0,1.0,69.02083333333333,133.10833333333335,205.27708333333328,0.0,0.0
calibration,model,27,13.960744047619045,26.916666666666668,38.75886995256699,0.4261213720316623,0.28100263852242746,0.5833333333333334,0.8333333333333334,0.9166666666666666,46.25,88.93333333333335,138.02083333333326,0.0,0.0
calibration,model,28,33.13550595238095,49.041666666666664,63.72254310681582,0.23549419767907162,-0.11984793917567027,0.75,0.9166666666666666,1.0,156.66666666666666,302.80833333333334,471.0708333333329,0.0,0.0
calibration,model,29,28.239508928571436,52.875,63.327357174183945,0.45911722141823447,0.09153400868306802,0.25,0.5,0.8333333333333334,58.75,111.90000000000005,175.3479166666666,0.08333333333333333,0.0
calibration,model,30,26.601875000000003,36.458333333333336,46.72459202604128,0.08968839688396885,0.022242722427224273,0.8333333333333334,1.0,1.0,138.79166666666666,264.55833333333345,408.9458333333332,0.0,0.0
calibration,model,31,55.28973214285714,83.41666666666667,99.79896459048727,0.3340006673340007,-0.3340006673340007,0.9166666666666666,1.0,1.0,280.1875,572.0083333333336,963.1541666666657,0.0,0.0
calibration,model,32,26.706785714285715,42.666666666666664,59.48529229986182,0.39659178931061195,0.06816421378776143,0.6666666666666666,0.6666666666666666,0.8333333333333334,69.97916666666667,134.3666666666667,211.6916666666666,0.08333333333333333,0.0
calibration,model,33,2.3937202380952387,3.75,4.133198922545748,0.2571428571428571,-0.08571428571428572,0.9166666666666666,1.0,1.0,12.416666666666666,23.758333333333344,37.587499999999984,0.0,0.0
calibration,model,34,7.591264880952381,12.5,15.421845976838615,0.3614457831325301,0.10602409638554217,0.8333333333333334,1.0,1.0,37.5,73.60833333333336,116.67708333333327,0.0,0.0
calibration,model,35,7.115178571428572,12.25,16.54035469188413,0.4336283185840708,-0.07964601769911504,0.6666666666666666,0.75,0.8333333333333334,19.083333333333332,37.175000000000004,58.25833333333329,0.16666666666666666,0.0
calibration,model,36,52.91934523809524,108.20833333333333,123.10539183967532,0.17090023690444853,0.03823374572255857,0.4166666666666667,0.75,1.0,173.875,331.2666666666667,513.8916666666665,0.0,0.0
calibration,model,37,25.34511904761905,45.958333333333336,59.26863279453419,0.5193032015065914,-0.03248587570621469,0.5833333333333334,0.6666666666666666,0.9166666666666666,72.45833333333333,139.27500000000003,220.8833333333331,0.08333333333333333,0.0
calibration,model,38,29.471517857142857,53.333333333333336,65.29580129431498,0.21731748726655348,-0.099830220713073,0.6666666666666666,1.0,1.0,138.95833333333334,265.11666666666673,413.4624999999998,0.0,0.0
calibration,model,39,18.06610119047619,33.25,40.71905778215732,0.20040180813661476,-0.027624309392265192,0.5833333333333334,0.9166666666666666,1.0,73.83333333333333,142.76666666666668,223.18749999999991,0.0,0.0
calibration,baseline,-1,138.95011235119048,154.22708333333333,275.6597351506624,0.34491932515480345,-0.0003401249609788144,0.03333333333333333,0.09166666666666666,0.16041666666666668,23.597395833333334,44.74541666666667,68.42468749999998,0.3104166666666667,0.0
calibration,baseline,0,9.365803571428572,13.583333333333334,15.365003525327722,0.5992647058823529,0.4375,0.16666666666666666,0.25,0.4166666666666667,7.854166666666667,14.666666666666666,22.420833333333334,0.08333333333333333,0.0
calibration,baseline,1,35.26011904761904,44.083333333333336,48.071994619182036,0.5014218009478673,0.14312796208530806,0.0,0.08333333333333333,0.16666666666666666,13.416666666666666,26.083333333333332,39.583333333333336,0.25,0.0
calibration,baseline,2,128.06358630952383,139.25,156.94877083515712,0.4949644549763033,-0.4949644549763033,0.0,0.0,0.0,15.833333333333334,30.01666666666669,46.168749999999996,1.0,0.0
calibration,baseline,3,590.1565922619048,613.0,627.254201527047,0.508046135782858,-0.508046135782858,0.0,0.0,0.0,32.854166666666664,62.091666666666676,95.59791666666662,1.0,0.0
calibration,baseline,4,86.31394345238097,99.83333333333333,105.7000473036791,0.8122033898305084,0.8122033898305084,0.0,0.0,0.08333333333333333,19.916666666666668,38.17500000000001,58.83541666666667,0.0,0.0
calibration,baseline,5,140.68811011904762,152.625,160.51538088295464,0.4907556270096463,-0.4907556270096463,0.0,0.0,0.0,16.958333333333332,32.083333333333336,49.25208333333333,1.0,0.0
calibration,baseline,6,53.47230654761905,67.16666666666667,73.45293277557631,0.4110147883732789,0.4110147883732789,0.0,0.0,0.0,20.75,38.92500000000001,59.672916666666644,0.0,0.0
calibration,baseline,7,25.590193452380948,36.416666666666664,44.31797979751935,0.17272727272727273,-0.08498023715415019,0.08333333333333333,0.16666666666666666,0.5,19.083333333333332,35.591666666666676,54.42708333333329,0.4166666666666667,0.0
calibration,baseline,8,424.00528273809533,465.1666666666667,481.77207612452315,0.30129000917579746,0.30129000917579746,0.0,0.0,0.0,60.708333333333336,115.11666666666667,175.1895833333333,0.0,0.0
calibration,baseline,9,18.14047619047619,23.875,24.33147823978916,1.1599190283400809,1.1599190283400809,0.0,0.0,0.0,9.083333333333334,17.166666666666668,26.0,0.0,0.0
calibration,baseline,10,106.3491517857143,116.25,147.5338944107421,0.46009234828496043,-0.3928100263852243,0.08333333333333333,0.16666666666666666,0.16666666666666666,16.6875,31.583333333333332,48.33958333333331,0.75,0.0
calibration,baseline,11,219.65434523809526,256.0833333333333,275.54385615844654,0.18652503793626707,0.18652503793626707,0.0,0.0,0.0,53.5,102.60833333333333,157.09166666666667,0.0,0.0
calibration,baseline,12,96.50050595238095,126.08333333333333,151.6627288866099,0.09521112579447485,0.09307154993392486,0.08333333333333333,0.25,0.25,50.645833333333336,96.27500000000002,148.17916666666665,0.0,0.0
calibration,baseline,13,293.6970535714285,330.25,340.23778449784203,0.25364823348694315,0.25364823348694315,0.0,0.0,0.0,53.75,102.93333333333335,157.1875,0.0,0.0
calibration,baseline,14,1030.6304613095238,1080.6666666666667,1181.38188858077,0.2673593930397493,-0.2673593930397493,0.0,0.0,0.0,73.02083333333333,137.85833333333343,211.7895833333332,1.0,0.0
calibration,baseline,15,60.793169642857144,70.875,76.75732864033245,1.263744427934621,1.263744427934621,0.0,0.0,0.08333333333333333,15.083333333333334,28.758333333333344,44.51041666666663,0.0,0.0
calibration,baseline,16,96.26936011904763,106.83333333333333,127.76084428858998,0.4095846645367412,-0.40447284345047924,0.08333333333333333,0.16666666666666666,0.16666666666666666,16.604166666666668,31.666666666666668,48.41874999999999,0.8333333333333334,0.0
calibration,baseline,17,555.1035267857143,586.625,591.2500352360807,0.9693610575599009,0.9693610575599009,0.0,0.0,0.0,46.770833333333336,88.52500000000002,135.18541666666667,0.0,0.0
calibration,baseline,18,56.87321428571428,68.45833333333333,73.732766348031,0.5502344273275285,0.45244474212993974,0.08333333333333333,0.08333333333333333,0.08333333333333333,18.270833333333332,34.42500000000001,52.84166666666664,0.08333333333333333,0.0
calibration,baseline,19,289.18860119047616,318.0833333333333,374.29611717640535,0.23082970488630866,-0.23082970488630866,0.0,0.08333333333333333,0.08333333333333333,43.625,83.28333333333335,126.93749999999996,0.9166666666666666,0.0
calibration,baseline,20,22.674672619047623,28.666666666666668,32.09620953736853,0.900523560209424,0.7696335078534031,0.08333333333333333,0.16666666666666666,0.25,10.25,19.008333333333344,29.254166666666645,0.08333333333333333,0.0
calibration,baseline,21,16.080610119047623,23.166666666666668,25.521232990067965,0.468013468013468,0.39057239057239057,0.0,0.08333333333333333,0.4166666666666667,10.916666666666666,20.758333333333344,32.50208333333333,0.0,0.0
calibration,baseline,22,26.50065476190476,38.791666666666664,44.45433049771417,0.2044356609574001,0.13636363636363635,0.0,0.08333333333333333,0.4166666666666667,20.0,37.583333333333336,57.42499999999999,0.08333333333333333,0.0
calibration,baseline,23,13.228169642857145,20.708333333333332,23.55003538567759,0.1918918918918919,-0.005791505791505791,0.08333333333333333,0.3333333333333333,0.5,14.020833333333334,26.76666666666668,40.502083333333324,0.25,0.0
calibration,baseline,24,14.257976190476194,23.583333333333332,27.338922192849274,0.1415,-0.0265,0.08333333333333333,0.3333333333333333,0.6666666666666666,17.333333333333332,32.75833333333335,50.083333333333336,0.25,0.0
calibration,baseline,25,60.90495535714285,74.75,83.21808697632986,0.45695364238410596,0.45695364238410596,0.0,0.0,0.0,20.791666666666668,39.60833333333335,60.427083333333314,0.0,0.0
calibration,baseline,26,53.40626488095239,65.33333333333333,71.28697870812967,0.5185185185185185,0.49603174603174605,0.0,0.08333333333333333,0.16666666666666666,18.75,34.841666666666676,53.42708333333329,0.0,0.0
calibration,baseline,27,73.57324404761904,83.58333333333333,87.3532102062273,1.3232189973614776,1.1253298153034301,0.0,0.08333333333333333,0.08333333333333333,15.5,29.583333333333332,45.42083333333333,0.08333333333333333,0.0
calibration,baseline,28,89.53513392857144,99.66666666666667,103.89578111421721,0.4785914365746298,-0.4417767106842737,0.0,0.0,0.0,14.583333333333334,27.5,42.418749999999996,0.9166666666666666,0.0
calibration,baseline,29,39.43794642857143,48.916666666666664,59.16150212201625,0.4247467438494935,0.32489146164978294,0.08333333333333333,0.16666666666666666,0.4166666666666667,16.854166666666668,31.525000000000023,48.67083333333332,0.08333333333333333,0.0
calibration,baseline,30,35.75983630952381,49.666666666666664,62.52466180103123,0.12218122181221812,-0.11152111521115211,0.16666666666666666,0.3333333333333333,0.5,25.833333333333332,48.67500000000001,73.84374999999997,0.5,0.0
calibration,baseline,31,104.30480654761907,115.16666666666667,125.20050585627307,0.4611277944611278,-0.4611277944611278,0.0,0.0,0.08333333333333333,15.5,29.833333333333332,45.089583333333316,0.9166666666666666,0.0
calibration,baseline,32,64.76553571428572,75.83333333333333,82.86535263104035,0.7048799380325329,0.41053446940356314,0.0,0.08333333333333333,0.16666666666666666,16.75,32.083333333333336,48.17499999999996,0.25,0.0
calibration,baseline,33,93.93870535714285,103.75,104.2461030446702,7.114285714285714,7.114285714285714,0.0,0.0,0.0,14.583333333333334,27.916666666666668,42.252083333333324,0.0,0.0
calibration,baseline,34,65.44074404761905,74.83333333333333,78.43043626892134,2.163855421686747,2.163855421686747,0.0,0.0,0.08333333333333333,14.083333333333334,26.758333333333336,40.83749999999998,0.0,0.0
calibration,baseline,35,16.912544642857142,22.833333333333332,24.320773014030618,0.8082595870206489,0.7197640117994101,0.0,0.16666666666666666,0.16666666666666666,9.5,18.083333333333332,27.25624999999999,0.0,0.0
calibration,baseline,36,237.53203869047618,264.7083333333333,281.8806263296575,0.41807054488023165,0.41807054488023165,0.0,0.0,0.0,40.020833333333336,75.44166666666668,115.84374999999996,0.0,0.0
calibration,baseline,37,55.61723214285714,64.91666666666667,70.46926043791483,0.7335216572504708,0.18361581920903955,0.0,0.0,0.0,14.020833333333334,26.175,40.00416666666666,0.3333333333333333,0.0
calibration,baseline,38,130.2086607142857,139.83333333333334,150.35735210934428,0.5697792869269949,-0.5697792869269949,0.0,0.0,0.0,13.770833333333334,26.25,40.00416666666664,1.0,0.0
calibration,baseline,39,27.80895833333334,35.166666666666664,49.84977432245807,0.2119537920642893,-0.143646408839779,0.25,0.5,0.5,16.416666666666668,30.833333333333332,45.92083333333332,0.3333333333333333,0.0
