parameter,mean,sd,hdi_3%,hdi_97%,mcse_mean,mcse_sd,ess_bulk,ess_tail,r_hat
rate[0],0.0018310260887040007,4.383454855966743e-05,0.0017437366203048854,0.001904157913094026,1.6750805487143332e-06,1.6074775726356377e-06,695.3846020128062,512.1605886248944,1.0081393136031962
rate[1],0.005628739964563652,7.218499966921968e-05,0.005487799555372368,0.005763060763110903,2.795768320311022e-06,3.94847292720172e-06,688.0032316768724,203.3687858010968,0.9994110642139159
rate[2],0.007962220126811246,8.258162184914393e-05,0.0078106525224435055,0.00810643069419991,2.625414133900997e-06,4.47247108323125e-06,966.502037917608,349.27833017406385,1.0034392371495153
rate[3],0.033223214576071705,0.00016406120027412052,0.03289701298647801,0.033541729869479966,4.9766721212406236e-06,8.191711137621258e-06,1078.8073620926805,398.79496781664807,0.9990140408665468
rate[4],0.012468212710166994,0.00010255215450497796,0.012298129453809514,0.012680162633703198,2.791648647017617e-06,4.5702005993995506e-06,1321.4462886040972,370.5367320449994,0.9969837376769115
rate[5],0.008878069441552746,8.672635212271645e-05,0.008726905741712277,0.009046886088859753,3.157303487076226e-06,4.260855178695719e-06,765.8386970527521,329.37446782291215,1.002642880994288
rate[6],0.012890899773961993,0.00010032886411761146,0.012719591529078065,0.013087838969401175,2.731126801993702e-06,5.652951739749651e-06,1349.4850021680093,283.7600918287714,1.002202475737018
rate[7],0.010804553076038293,0.00011109181361287001,0.010601032082119355,0.011015926204985566,3.701161265452782e-06,5.9923403778494305e-06,903.6968784784607,309.38637735657153,1.0049913094942224
rate[8],0.11232786487501423,0.0003002292052941122,0.11177978520552087,0.1128900976482248,1.2363626448419785e-05,1.1424171034931594e-05,598.0435460967183,401.16214083331266,1.0062026904587955
rate[9],0.0025076118278459553,4.581203281728553e-05,0.002426292593240353,0.002594798830125175,2.05947322936559e-06,1.9574195114896785e-06,491.7975981887459,343.8642189147574,1.0034133368765197
rate[10],0.00859389517047253,8.533011009547763e-05,0.008441479618013375,0.008767388526070135,3.1173163232468565e-06,4.609848441190283e-06,777.9543231521363,370.52981748424844,0.9997397409291048
rate[11],0.09110592012102807,0.0003094767868158123,0.09051001365527517,0.09169207098905795,1.3629051084092429e-05,1.7360799139711487e-05,527.7685184502656,218.6568119607756,1.007705743349998
rate[12],0.08093604366093042,0.00026914754309127775,0.08044307752809972,0.08143920265830844,1.0560396730610073e-05,1.5397639079553107e-05,652.1928542591052,242.8410070112652,1.0026687371474838
rate[13],0.09127153985557322,0.00028744979885137866,0.09077225140233956,0.0918209274674948,1.0392348785644858e-05,1.4081387230202015e-05,756.8142422645121,304.82770918584947,1.0166994914461178
rate[14],0.1655682322041861,0.0003488476369361083,0.16505310317516886,0.1662891886841798,1.549523672917055e-05,1.9911697484011783e-05,519.7255702223164,227.45336787360034,0.9999230611744278
rate[15],0.007114815732620985,8.158524780028172e-05,0.0069798075296012355,0.007263477999660356,2.875523334345039e-06,3.3954988037061624e-06,801.7070212339586,324.9876665022157,0.9983730012138325
rate[16],0.00870046231422246,8.559365777733418e-05,0.008559089055514951,0.008878396380853498,2.8127299435756974e-06,3.7212340049927113e-06,927.693199714982,467.4488552277058,1.0059544667225415
rate[17],0.06660787679371932,0.0002425181071080673,0.06615226074672786,0.06703672921656097,9.39541348355203e-06,1.1353952440786066e-05,678.0178625989608,386.31142731362536,1.0005475606797467
rate[18],0.010114909479240543,9.160753110964699e-05,0.009939879818355627,0.010273087750472072,2.5828778681400095e-06,4.063783363542454e-06,1289.8110710944263,382.39523540729215,1.0225471494487055
rate[19],0.05924884257851344,0.0002158423256768565,0.05886057051805073,0.05963858402569894,8.845874650246812e-06,1.0598703298617189e-05,609.3711392065683,395.5333283276233,1.0093262471762197
rate[20],0.003153036584277661,4.96606463890277e-05,0.0030641116328107695,0.0032451257050167674,1.9726863395413395e-06,2.3488131247401633e-06,644.5001128228218,401.8987431295263,1.0033564327774487
rate[21],0.003850689494632721,6.0398968875409006e-05,0.003737523185040653,0.00396916414359283,2.0297664684926424e-06,2.735666137540467e-06,875.2663874589738,333.3378591518816,1.0095388148127629
rate[22],0.012068864418331712,0.00011093541586485897,0.011864218144705814,0.012283121182141856,3.1360029904306864e-06,5.620211245258783e-06,1247.0139821468442,320.02005790104363,1.0117882034019903
rate[23],0.00599895182540238,7.712655574926878e-05,0.005865936067825651,0.0061435370081589615,2.6879936079986215e-06,5.145867154733474e-06,887.7016274845114,287.6244738775917,0.9997881524697814
rate[24],0.009078646069073071,9.478696472857396e-05,0.008901323000462794,0.009256532095584568,3.184927826127954e-06,4.804784819572308e-06,906.1519978353805,293.77860015422846,1.0026106680501867
rate[25],0.013324602334586098,0.00011730184184347151,0.013088083965853712,0.013537385083989434,3.2131850293285855e-06,7.214850902695296e-06,1308.0349621883854,365.02927727368007,1.0033958325508459
rate[26],0.010553972344288742,0.00010285716778631976,0.010376132529235329,0.010764252629090063,3.4653887837150525e-06,5.193445103234855e-06,883.7003696562732,404.4079523392661,1.003739253096138
rate[27],0.007507858493099535,8.046846159297085e-05,0.007323806095057537,0.007647550685562938,2.8267794965098024e-06,5.206785562721735e-06,814.6079787671569,230.95981029879195,1.0009909944310915
rate[28],0.006506993384702555,7.368144360381377e-05,0.006361911701883049,0.006643180709602198,2.5576929293804603e-06,3.375707715680241e-06,836.6969496383706,352.91976183122944,0.9969827302688844
rate[29],0.008558356279333153,8.666971422932039e-05,0.008393636463891229,0.008719394413141308,2.4703249191289893e-06,4.3458808013981295e-06,1241.2914240265138,455.07465193452583,0.998020684202448
rate[30],0.020215476732829887,0.00014126375835109327,0.019924215907128017,0.020453562073648405,4.250018032716539e-06,7.5668474057980245e-06,1125.650881027348,268.08089632014816,1.0040660269208017
rate[31],0.0075212095911327,7.715461927906798e-05,0.007376901417686366,0.007665929128183575,2.784243038527669e-06,3.0975870418024922e-06,763.5340812414325,426.6311244412877,0.9988622951772518
rate[32],0.008482351424816808,8.408142623293614e-05,0.008314992526604247,0.008620539677308492,2.8029851830071577e-06,3.4704101630562286e-06,850.5350723763015,352.7318458623645,0.9985459735235039
rate[33],0.006621515898626025,7.949706624092033e-05,0.006461430969220934,0.006749342307694444,2.19168764757291e-06,3.615091212458698e-06,1202.0802240545327,333.6143382775192,0.9986460290749851
rate[34],0.006121051551744291,7.499541942940878e-05,0.00597154183182848,0.006247885139768985,2.236780690849246e-06,3.5057481122652786e-06,1134.576110008668,396.61389200541043,1.0007517296997754
rate[35],0.002717324337323177,5.2497277722624414e-05,0.002621255795583162,0.0028141064405482795,2.0365791552001124e-06,2.1767438350110946e-06,664.6385113567019,438.32785641550566,1.0010316031804782
rate[36],0.05020653392083757,0.00019045261135014404,0.04987366333643563,0.050571997051652044,7.247429140974588e-06,7.733077261207269e-06,675.1358850491744,318.12466485627283,1.000247171012345
rate[37],0.005862484614766611,7.296397270987606e-05,0.0057227749985331875,0.005998086106066383,2.5035711158717976e-06,3.4778797875286013e-06,873.4734124231728,391.62285471938117,0.9988880563106385
rate[38],0.005920535020384866,6.86640213998267e-05,0.005799952392739977,0.006066159594758561,2.372732763368928e-06,3.830030004920864e-06,811.0507767121287,286.981883293155,1.0055089970376474
rate[39],0.007944595308572465,8.292184170592875e-05,0.00779666807967255,0.008091982817530229,3.27620900993241e-06,3.345228963292352e-06,641.7194667091354,377.107865119192,0.9984787460474648
