split,week,cluster_id,observed,expected,z,cusum,cusum_alarm,weekly_alarm,main_product,representative_terms
fit,2023-01-30,27,55,16.37227217896699,3.2201068491684204,2.7201068491684204,False,True,Credit reporting or other personal consumer reports,"redacted redacted, redacted, report, credit report, inquiry credit, fraud inquiry, remove fraud, theft remove, theft, information"
fit,2023-01-30,38,34,9.728451584603574,3.027861817563868,2.527861817563868,False,True,Credit reporting or other personal consumer reports,"payment, late, complaint, error, creditor, complaint bureaus, payment late, days payment, mailed delivered, payment date"
fit,2023-02-06,10,35,13.892754253410883,2.569092648611838,2.069092648611838,False,True,Credit reporting or other personal consumer reports,"redacted redacted, redacted, report, credit, credit report, consent, complaint, erroneous information, reports, written consent"
fit,2023-02-06,25,216,106.8479099853237,3.2008632706492994,2.7008632706492994,False,True,Credit reporting or other personal consumer reports,"sections 609, sections, 609 611, 609, redacted, 611, redacted redacted, redacted balance, balance, 00"
fit,2023-02-06,27,71,27.280317443061367,2.550732031293488,4.770838880461908,True,True,Credit reporting or other personal consumer reports,"redacted redacted, redacted, report, credit report, inquiry credit, fraud inquiry, remove fraud, theft remove, theft, information"
fit,2023-02-06,35,3,0.25259553188019784,2.863320504924416,2.363320504924416,False,True,Credit reporting or other personal consumer reports,"dispute incorrect, invalid items, referenced issues, incorrect invalid, letter referenced, assistance creditors, gotten assistance, report gotten, documents letter, matter attached"
fit,2023-02-06,36,711,487.50937652878184,2.029212899901057,3.4970138292838326,True,False,Credit reporting or other personal consumer reports,"consumer, information, redacted, reporting, 15, redacted redacted, usc, 15 usc, consumer reporting, account"
fit,2023-02-13,10,43,17.417117637787,2.573365633587145,4.142458282198983,True,True,Credit reporting or other personal consumer reports,"redacted redacted, redacted, report, credit, credit report, consent, complaint, erroneous information, reports, written consent"
fit,2023-02-13,17,1053,717.2279724688699,2.543042563466614,2.043042563466614,False,True,Credit reporting or other personal consumer reports,"redacted account, account, account redacted, section, redacted, redacted redacted, 15, 1681, states, consumer"
fit,2023-02-13,25,161,123.25960174433878,1.200640393170736,3.4015036638200353,True,False,Credit reporting or other personal consumer reports,"sections 609, sections, 609 611, 609, redacted, 611, redacted redacted, redacted balance, balance, 00"
fit,2023-02-13,35,9,0.8931855198865128,4.055670707100986,5.918991212025402,True,True,Credit reporting or other personal consumer reports,"dispute incorrect, invalid items, referenced issues, incorrect invalid, letter referenced, assistance creditors, gotten assistance, report gotten, documents letter, matter attached"
fit,2023-02-20,16,30,2.4932318339100346,4.753424308817087,4.253424308817087,True,True,Credit reporting or other personal consumer reports,"consumer, 15, section, reporting agency, 1681, reporting, states, consumer reporting, agency, information"
fit,2023-02-20,17,1131,793.9810103806229,2.345928944034439,3.8889715075010525,True,False,Credit reporting or other personal consumer reports,"redacted account, account, account redacted, section, redacted, redacted redacted, 15, 1681, states, consumer"
fit,2023-02-20,18,56,14.506076124567473,4.363969701209306,3.8639697012093057,True,True,Credit reporting or other personal consumer reports,"redacted redacted, redacted, permitted, legitimate activity, report, legitimate, activity, credit report, credit, redacted balance"
fit,2023-02-20,21,56,25.15897577854671,2.1654515174053426,4.196367348718466,True,False,Credit reporting or other personal consumer reports,"start investigation, bureau start, documents want, want bureau, start, investigation accounts, accounts late, reporting late, late, attached documents"
fit,2023-02-20,38,31,21.305799307958477,0.9398173500374907,3.5293758403561064,True,False,Credit reporting or other personal consumer reports,"payment, late, complaint, error, creditor, complaint bureaus, payment late, days payment, mailed delivered, payment date"
fit,2023-02-27,11,1105,837.7195259105459,2.6543280846388466,3.9808648023310607,True,True,Credit reporting or other personal consumer reports,"redacted redacted, redacted, 00, 00 redacted, redacted balance, balance, credit, inquiries, items, remove"
fit,2023-02-27,18,72,26.702309888398652,3.249879359165847,2.749879359165847,False,True,Credit reporting or other personal consumer reports,"redacted redacted, redacted, permitted, legitimate activity, report, legitimate, activity, credit report, credit, redacted balance"
fit,2023-02-27,23,47,31.93805692533956,0.787093343861905,3.3708750456252297,True,False,Credit reporting or other personal consumer reports,"15, consumer, agency, section, reporting, reporting agency, 1681, states, consumer reporting, information"
fit,2023-03-06,18,75,38.306666666666665,2.188864948253029,4.438744307418876,True,False,Credit reporting or other personal consumer reports,"redacted redacted, redacted, permitted, legitimate activity, report, legitimate, activity, credit report, credit, redacted balance"
fit,2023-03-13,20,30,17.526102792391743,1.0895648841877448,3.548469377207727,True,False,Credit reporting or other personal consumer reports,"consumer reports, consent, reports, consumer, consent fraud, reports consent, reports gave, gave written, consent report, purposes consumer"
fit,2023-03-13,37,28,7.632335087009308,2.5529858652166704,2.668654751597095,False,True,Credit reporting or other personal consumer reports,"letters, reporting, inaccurate date, date, written, 15, credit, report, section, 1681"
fit,2023-03-20,7,71,13.683271541270594,4.646018145017539,4.171406389689583,True,True,Credit reporting or other personal consumer reports,"redacted redacted, redacted, report, credit, disputes, accounts, credit report, verify, 3rd party, information"
fit,2023-03-27,7,113,25.840707002039426,4.233484978819446,3.7334849788194457,True,True,Credit reporting or other personal consumer reports,"redacted redacted, redacted, report, credit, disputes, accounts, credit report, verify, 3rd party, information"
fit,2023-03-27,20,108,18.662732834806256,3.809193783936701,3.309193783936701,False,True,Credit reporting or other personal consumer reports,"consumer reports, consent, reports, consumer, consent fraud, reports consent, reports gave, gave written, consent report, purposes consumer"
fit,2023-03-27,31,78,3.5889870836165874,4.753424308817087,4.782155323638834,True,True,Credit reporting or other personal consumer reports,"need reporting, reporting correction, correction company, identified inaccurate, inaccurate accounts, reviewing credit, report identified, accounts need, reviewing, identified"
fit,2023-04-03,5,20,4.3076501534414735,3.2082263497372745,3.785125023232201,True,True,Credit reporting or other personal consumer reports,"consumer, 15, section, states, reporting, report, reporting agency, 1681, consumer reporting, credit"
fit,2023-04-03,7,178,51.45248794388426,3.5554931056773476,3.0554931056773476,False,True,Credit reporting or other personal consumer reports,"redacted redacted, redacted, report, credit, disputes, accounts, credit report, verify, 3rd party, information"
fit,2023-04-03,20,102,40.44404866286716,1.8845605486925325,4.693754332629234,True,False,Credit reporting or other personal consumer reports,"consumer reports, consent, reports, consumer, consent fraud, reports consent, reports gave, gave written, consent report, purposes consumer"
fit,2023-04-10,7,145,92.11942264420175,1.2609289022186472,3.8164220078959943,True,False,Credit reporting or other personal consumer reports,"redacted redacted, redacted, report, credit, disputes, accounts, credit report, verify, 3rd party, information"
fit,2023-04-10,29,57,23.632731463695734,2.663436153706452,2.3878595634290267,False,True,Credit reporting or other personal consumer reports,"identity, theft, identity theft, redacted redacted, redacted, items, federal, federal trade, trade, report"
fit,2023-04-17,5,84,12.126851146653127,4.753424308817087,4.9718180905415466,True,True,Credit reporting or other personal consumer reports,"consumer, 15, section, states, reporting, report, reporting agency, 1681, consumer reporting, credit"
fit,2023-04-17,6,274,153.00473893543202,2.9868436979211204,3.8290714625704094,True,True,Credit reporting or other personal consumer reports,"redacted redacted, redacted, redacted balance, 00 redacted, balance, 00, records, complain question, question specific, coming wrongdoing"
fit,2023-04-17,34,130,27.34991960734535,3.1690397659398797,2.6690397659398797,False,True,Credit reporting or other personal consumer reports,"letters, bureaus continuously, happened mailed, really sure, far gotten, continuously far, sure happened, involved review, gotten response, mailed letters"
fit,2023-04-24,35,6,1.1997296383913483,2.59138191899294,2.09138191899294,False,True,Credit reporting or other personal consumer reports,"dispute incorrect, invalid items, referenced issues, incorrect invalid, letter referenced, assistance creditors, gotten assistance, report gotten, documents letter, matter attached"
fit,2023-05-01,37,59,16.020749950325015,2.681006587089642,2.808049861770696,False,True,Credit reporting or other personal consumer reports,"letters, reporting, inaccurate date, date, written, 15, credit, report, section, 1681"
fit,2023-05-08,1,173,34.04610836318153,3.7630412975906062,6.283209916531862,True,True,Credit reporting or other personal consumer reports,"100, credit, 100 accurate, reporting 100, credit report, accurate, report, accounts, did, reporting"
fit,2023-05-08,15,224,71.99914719426914,2.8786800380958737,2.3786800380958737,False,True,Credit reporting or other personal consumer reports,"letters, bureaus continuously, far gotten, happened mailed, continuously far, really sure, sure happened, involved review, gotten response, mailed letters"
fit,2023-05-08,39,48,18.139320029563933,2.9531950908761018,2.4531950908761018,False,True,Credit reporting or other personal consumer reports,"section, consumer, 15, information, 1681, states, reporting agency, consumer reporting, agency, reporting"
fit,2023-05-15,1,268,68.13047200817522,3.1124990568642192,2.6124990568642192,False,True,Credit reporting or other personal consumer reports,"100, credit, 100 accurate, reporting 100, credit report, accurate, report, accounts, did, reporting"
fit,2023-05-22,5,164,40.59383886255924,3.3520600109220147,2.8520600109220147,False,True,Credit reporting or other personal consumer reports,"consumer, 15, section, states, reporting, report, reporting agency, 1681, consumer reporting, credit"
fit,2023-05-29,3,335,209.56107087639353,2.7219575714842064,2.486570052632249,False,True,Credit reporting or other personal consumer reports,"redacted, redacted redacted, account, credit, information, consumer, reporting, report, fcra, credit report"
fit,2023-05-29,23,86,7.276426072096997,4.753424308817087,4.253424308817087,True,True,Credit reporting or other personal consumer reports,"15, consumer, agency, section, reporting, reporting agency, 1681, states, consumer reporting, information"
fit,2023-05-29,30,134,75.4322836140722,2.3347661571839824,4.476473739447713,True,False,Credit reporting or other personal consumer reports,"payment, late, payments, creditor, mailed delivered, periodic, delivered, periodic statement, 1637, 21 days"
fit,2023-05-29,39,43,31.046084574280524,1.0064997474676767,3.4978278843716053,True,False,Credit reporting or other personal consumer reports,"section, consumer, 15, information, 1681, states, reporting agency, consumer reporting, agency, reporting"
fit,2023-06-05,23,161,29.527123848515863,3.2573331715034297,2.7573331715034297,False,True,Credit reporting or other personal consumer reports,"15, consumer, agency, section, reporting, reporting agency, 1681, states, consumer reporting, information"
fit,2023-06-05,32,84,20.461778807304853,3.569510626597609,6.376412175708728,True,True,Credit reporting or other personal consumer reports,"redacted redacted, redacted, credit, late payment, section, consumer, 15, verify, information, 1681"
fit,2023-06-05,33,122,57.24117868878953,1.5341413585631456,3.4683519479772906,True,False,Credit reporting or other personal consumer reports,"payments, updated records, consistently maintained, precise updated, seeking precise, reflect timely, perplexing discover, maintained time, records accurately, payments perplexing"
fit,2023-06-12,19,627,525.6519160460393,1.4340446482023748,3.39916061340307,True,False,Credit reporting or other personal consumer reports,"credit, credit report, report, redacted redacted, redacted, identity, accounts, inquiries, theft, identity theft"
fit,2023-06-12,23,185,67.57259309410968,1.8377562639356324,4.095089435439062,True,False,Credit reporting or other personal consumer reports,"15, consumer, agency, section, reporting, reporting agency, 1681, states, consumer reporting, information"
fit,2023-06-19,35,9,2.501190917270947,2.34310433662664,4.090213982314626,True,False,Credit reporting or other personal consumer reports,"dispute incorrect, invalid items, referenced issues, incorrect invalid, letter referenced, assistance creditors, gotten assistance, report gotten, documents letter, matter attached"
fit,2023-06-26,2,47,24.931362672322376,1.7834590737768266,4.378677887811916,True,False,Credit reporting or other personal consumer reports,"section, information, consumer, 15, reporting, items, agency, reporting agency, 1681, states"
fit,2023-06-26,16,33,19.9944591728526,1.155342466522236,3.677504050439257,True,False,Credit reporting or other personal consumer reports,"consumer, 15, section, reporting agency, 1681, reporting, states, consumer reporting, agency, information"
fit,2023-06-26,39,73,31.596182396606572,2.6325877689997994,2.1325877689997994,False,True,Credit reporting or other personal consumer reports,"section, consumer, 15, information, 1681, states, reporting agency, consumer reporting, agency, reporting"
fit,2023-07-03,24,96,62.51739347318123,1.2993705732719056,3.4904709986263707,True,False,Credit reporting or other personal consumer reports,"redacted redacted, items, redacted, stress, accounts, unseen, identity, disputed items, remove, stolen"
fit,2023-07-03,39,78,35.91908425004595,2.4448998902773287,4.0774876592771285,True,False,Credit reporting or other personal consumer reports,"section, consumer, 15, information, 1681, states, reporting agency, consumer reporting, agency, reporting"
fit,2023-07-10,31,55,9.637617149628353,2.4456128687877436,3.4655889848679258,True,False,Credit reporting or other personal consumer reports,"need reporting, reporting correction, correction company, identified inaccurate, inaccurate accounts, reviewing credit, report identified, accounts need, reviewing, identified"
fit,2023-07-10,39,138,56.26284606269525,2.9349237354455546,2.4349237354455546,False,True,Credit reporting or other personal consumer reports,"section, consumer, 15, information, 1681, states, reporting agency, consumer reporting, agency, reporting"
fit,2023-07-17,26,60,44.19007351951095,0.9022808825461449,3.384099351764411,True,False,Credit reporting or other personal consumer reports,"accounts, credit, report, credit report, information, 15, consumer, accounts credit, reporting, fcra 605b"
fit,2023-07-24,10,78,49.56105092235206,1.3584904054463458,3.683107599622696,True,False,Credit reporting or other personal consumer reports,"redacted redacted, redacted, report, credit, credit report, consent, complaint, erroneous information, reports, written consent"
fit,2023-07-24,38,76,37.869726089386965,1.7557236143024846,3.952607131522866,True,False,Credit reporting or other personal consumer reports,"payment, late, complaint, error, creditor, complaint bureaus, payment late, days payment, mailed delivered, payment date"
fit,2023-07-31,29,124,58.06163368955666,2.403335035061486,4.307486175355168,True,False,Credit reporting or other personal consumer reports,"identity, theft, identity theft, redacted redacted, redacted, items, federal, federal trade, trade, report"
fit,2023-07-31,35,52,13.321500370331183,3.173220432178471,4.672922204652455,True,True,Credit reporting or other personal consumer reports,"dispute incorrect, invalid items, referenced issues, incorrect invalid, letter referenced, assistance creditors, gotten assistance, report gotten, documents letter, matter attached"
fit,2023-10-09,22,224,163.7224915528133,1.1913638172273182,3.4067499071279834,True,False,Credit reporting or other personal consumer reports,"redacted redacted, redacted, law, written requests, violation federal, requests, items, federal law, consumer, accounts"
fit,2023-10-23,13,1138,993.7193925118995,1.6663388295307082,3.411096599196022,True,False,Credit reporting or other personal consumer reports,"loan, redacted, mortgage, payment, redacted redacted, told, payments, 00, paid, account"
fit,2023-11-06,28,51,13.910926898809366,2.585177914408526,2.085177914408526,False,True,Credit reporting or other personal consumer reports,"accounts, report, debt, credit, 15, code, credit report, consumer, 15 code, inaccurate"
fit,2023-11-20,28,51,23.841046937325828,1.4989996192521873,3.872545324099514,True,False,Credit reporting or other personal consumer reports,"accounts, report, debt, credit, 15, code, credit report, consumer, 15 code, inaccurate"
fit,2023-11-27,3,376,241.09308030678997,2.592656089945935,2.3857663146860597,False,True,Credit reporting or other personal consumer reports,"redacted, redacted redacted, account, credit, information, consumer, reporting, report, fcra, credit report"
fit,2023-12-04,32,137,77.14729928221047,1.4211742328850847,3.391098021488141,True,False,Credit reporting or other personal consumer reports,"redacted redacted, redacted, credit, late payment, section, consumer, 15, verify, information, 1681"
fit,2023-12-11,0,15,2.727424702571675,3.28423731326927,2.78423731326927,False,True,Credit reporting or other personal consumer reports,"disputes, submitting disputes, getting inaccurate, send disputes, bureaus having, disputes getting, tried send, information corrected, corrected credit, difficulties submitting"
fit,2023-12-11,24,46,16.36454821543005,2.9737944612460208,2.4737944612460208,False,True,Credit reporting or other personal consumer reports,"redacted redacted, items, redacted, stress, accounts, unseen, identity, disputed items, remove, stolen"
fit,2023-12-11,36,746,413.7503273801231,3.192813415741455,3.196901236104915,False,True,Credit reporting or other personal consumer reports,"consumer, information, redacted, reporting, 15, redacted redacted, usc, 15 usc, consumer reporting, account"
fit,2023-12-18,0,11,6.274161248731243,1.0945268118296243,3.3787641250988942,True,False,Credit reporting or other personal consumer reports,"disputes, submitting disputes, getting inaccurate, send disputes, bureaus having, disputes getting, tried send, information corrected, corrected credit, difficulties submitting"
fit,2023-12-18,26,156,71.19809069212411,2.326015097539179,3.592264003187431,True,False,Credit reporting or other personal consumer reports,"accounts, credit, report, credit report, information, 15, consumer, accounts credit, reporting, fcra 605b"
fit,2023-12-18,36,834,512.8444846789016,2.6302227488239662,5.327123984928882,True,True,Credit reporting or other personal consumer reports,"consumer, information, redacted, reporting, 15, redacted redacted, usc, 15 usc, consumer reporting, account"
fit,2024-01-01,2,52,20.611696121425382,2.6323355449757226,2.7467626387925232,False,True,Credit reporting or other personal consumer reports,"section, information, consumer, 15, reporting, items, agency, reporting agency, 1681, states"
fit,2024-01-01,19,635,394.228302828182,3.8339719221986974,3.3339719221986974,False,True,Credit reporting or other personal consumer reports,"credit, credit report, report, redacted redacted, redacted, identity, accounts, inquiries, theft, identity theft"
fit,2024-01-08,19,542,499.595066201348,0.6743512387847679,3.5083231609834655,True,False,Credit reporting or other personal consumer reports,"credit, credit report, report, redacted redacted, redacted, identity, accounts, inquiries, theft, identity theft"
fit,2024-01-08,30,215,107.09433359085702,2.915435725957678,3.5662143679652614,True,True,Credit reporting or other personal consumer reports,"payment, late, payments, creditor, mailed delivered, periodic, delivered, periodic statement, 1637, 21 days"
fit,2024-01-08,37,41,9.906225857154274,2.887046439546865,4.886564749601629,True,True,Credit reporting or other personal consumer reports,"letters, reporting, inaccurate date, date, written, 15, credit, report, section, 1681"
fit,2024-01-22,2,112,47.033068818893376,2.586643302854435,5.1134619820758225,True,True,Credit reporting or other personal consumer reports,"section, information, consumer, 15, reporting, items, agency, reporting agency, 1681, states"
fit,2024-01-22,16,112,43.28196517076077,2.270655398929376,3.6782553909324047,True,False,Credit reporting or other personal consumer reports,"consumer, 15, section, reporting agency, 1681, reporting, states, consumer reporting, agency, information"
fit,2024-01-22,20,39,8.079300165208677,3.1984933048228426,4.552619334392087,True,True,Credit reporting or other personal consumer reports,"consumer reports, consent, reports, consumer, consent fraud, reports consent, reports gave, gave written, consent report, purposes consumer"
fit,2024-01-22,22,155,98.9714270238063,1.6669891181095626,3.9558596747898838,True,False,Credit reporting or other personal consumer reports,"redacted redacted, redacted, law, written requests, violation federal, requests, items, federal law, consumer, accounts"
fit,2024-02-05,28,80,28.16455822293057,2.0819482041332753,4.098093090687948,True,False,Credit reporting or other personal consumer reports,"accounts, report, debt, credit, 15, code, credit report, consumer, 15 code, inaccurate"
fit,2024-02-05,31,25,3.313477437991832,2.8163875128156555,2.3163875128156555,False,True,Credit reporting or other personal consumer reports,"need reporting, reporting correction, correction company, identified inaccurate, inaccurate accounts, reviewing credit, report identified, accounts need, reviewing, identified"
fit,2024-02-05,38,30,19.052495268453033,1.1103913022882161,3.457214134781235,True,False,Credit reporting or other personal consumer reports,"payment, late, complaint, error, creditor, complaint bureaus, payment late, days payment, mailed delivered, payment date"
fit,2024-02-12,15,100,29.26387337961839,3.0739097873447925,2.6607020333911597,False,True,Credit reporting or other personal consumer reports,"letters, bureaus continuously, far gotten, happened mailed, continuously far, really sure, sure happened, involved review, gotten response, mailed letters"
fit,2024-02-19,12,1274,1038.7200776214568,2.5774614727302416,3.337048204680971,False,True,Debt collection,"debt, collection, redacted, redacted redacted, account, company, alleged, credit, collect, validation"
fit,2024-02-26,37,105,53.905344812124476,1.379954370448325,3.7810422730739255,True,False,Credit reporting or other personal consumer reports,"letters, reporting, inaccurate date, date, written, 15, credit, report, section, 1681"
fit,2024-03-04,19,1032,807.1423403754361,2.03259864332492,4.154739464540002,True,False,Credit reporting or other personal consumer reports,"credit, credit report, report, redacted redacted, redacted, identity, accounts, inquiries, theft, identity theft"
fit,2024-03-04,31,111,24.99612577324001,2.085808490511638,4.628965614132043,True,False,Credit reporting or other personal consumer reports,"need reporting, reporting correction, correction company, identified inaccurate, inaccurate accounts, reviewing credit, report identified, accounts need, reviewing, identified"
fit,2024-03-11,0,59,17.021662263767528,2.703560907060302,2.203560907060302,False,True,Credit reporting or other personal consumer reports,"disputes, submitting disputes, getting inaccurate, send disputes, bureaus having, disputes getting, tried send, information corrected, corrected credit, difficulties submitting"
fit,2024-03-11,4,334,118.56468197520829,4.288122208471414,7.020794382130614,True,True,Credit reporting or other personal consumer reports,"redacted redacted, redacted, validate, erroneous, credit, authorized fail, proof period, period allowed, allowed law, file listed"
fit,2024-03-11,26,285,181.0752692542166,1.3599355109578894,3.4451154992439785,True,False,Credit reporting or other personal consumer reports,"accounts, credit, report, credit report, information, 15, consumer, accounts credit, reporting, fcra 605b"
fit,2024-03-11,32,181,98.02129648445438,1.5218381073357272,4.183437017985806,True,False,Credit reporting or other personal consumer reports,"redacted redacted, redacted, credit, late payment, section, consumer, 15, verify, information, 1681"
fit,2024-03-11,33,382,94.2060963218858,2.9673991780790283,5.068463984509135,True,True,Credit reporting or other personal consumer reports,"payments, updated records, consistently maintained, precise updated, seeking precise, reflect timely, perplexing discover, maintained time, records accurately, payments perplexing"
fit,2024-04-01,0,86,47.87724676048489,1.2876897565764447,4.0421817572025684,True,False,Credit reporting or other personal consumer reports,"disputes, submitting disputes, getting inaccurate, send disputes, bureaus having, disputes getting, tried send, information corrected, corrected credit, difficulties submitting"
fit,2024-04-01,29,158,100.54221819701824,1.4416582341012913,3.6327474482993765,True,False,Credit reporting or other personal consumer reports,"identity, theft, identity theft, redacted redacted, redacted, items, federal, federal trade, trade, report"
fit,2024-04-15,24,253,101.99484996223306,2.852660348898301,3.1624115205965513,False,True,Credit reporting or other personal consumer reports,"redacted redacted, items, redacted, stress, accounts, unseen, identity, disputed items, remove, stolen"
fit,2024-04-22,24,282,147.2182657434883,2.018073695694565,4.680485216291116,True,False,Credit reporting or other personal consumer reports,"redacted redacted, items, redacted, stress, accounts, unseen, identity, disputed items, remove, stolen"
fit,2024-04-22,39,198,113.01874121505544,1.8350453472096142,3.4535116373905455,True,False,Credit reporting or other personal consumer reports,"section, consumer, 15, information, 1681, states, reporting agency, consumer reporting, agency, reporting"
fit,2024-05-20,18,447,243.8044110480562,2.104595727328502,4.317422392878562,True,False,Credit reporting or other personal consumer reports,"redacted redacted, redacted, permitted, legitimate activity, report, legitimate, activity, credit report, credit, redacted balance"
fit,2024-05-20,25,211,113.8258689261629,2.7965655073947375,5.285400022314354,True,True,Credit reporting or other personal consumer reports,"sections 609, sections, 609 611, 609, redacted, 611, redacted redacted, redacted balance, balance, 00"
fit,2024-05-27,33,216,59.81223257767889,2.6769411123710247,2.1769411123710247,False,True,Credit reporting or other personal consumer reports,"payments, updated records, consistently maintained, precise updated, seeking precise, reflect timely, perplexing discover, maintained time, records accurately, payments perplexing"
fit,2024-06-03,1,336,251.13176078151062,0.7168175695595389,3.5687335397913547,True,False,Credit reporting or other personal consumer reports,"100, credit, 100 accurate, reporting 100, credit report, accurate, report, accounts, did, reporting"
fit,2024-06-10,30,766,385.3686393892552,2.9675878612530764,3.417399091034998,True,True,Credit reporting or other personal consumer reports,"payment, late, payments, creditor, mailed delivered, periodic, delivered, periodic statement, 1637, 21 days"
fit,2024-06-10,33,246,155.29392094387836,0.9841210314179792,3.471910178650799,True,False,Credit reporting or other personal consumer reports,"payments, updated records, consistently maintained, precise updated, seeking precise, reflect timely, perplexing discover, maintained time, records accurately, payments perplexing"
fit,2024-06-24,21,51,26.37699650900553,1.7729736974685502,3.8330831137891117,True,False,Credit reporting or other personal consumer reports,"start investigation, bureau start, documents want, want bureau, start, investigation accounts, accounts late, reporting late, late, attached documents"
fit,2024-07-15,29,220,177.75846532801197,0.7274689640246732,3.4490293922649116,True,False,Credit reporting or other personal consumer reports,"identity, theft, identity theft, redacted redacted, redacted, items, federal, federal trade, trade, report"
fit,2024-07-29,9,88,30.476435490120107,2.951526708049583,2.451526708049583,False,True,Credit reporting or other personal consumer reports,"complaint, party, complaint error, party involved, involved, reported, error, involved filing, complaint complaint, redacted party"
fit,2024-07-29,27,236,136.76615265401006,1.4966300540038562,3.65679893527754,True,False,Credit reporting or other personal consumer reports,"redacted redacted, redacted, report, credit report, inquiry credit, fraud inquiry, remove fraud, theft remove, theft, information"
fit,2024-08-19,12,1452,1132.936098789114,3.14022439079134,2.64022439079134,False,True,Debt collection,"debt, collection, redacted, redacted redacted, account, company, alleged, credit, collect, validation"
fit,2024-09-09,6,263,148.89938073822898,2.9093479377038984,2.67568826863569,False,True,Credit reporting or other personal consumer reports,"redacted redacted, redacted, redacted balance, 00 redacted, balance, 00, records, complain question, question specific, coming wrongdoing"
fit,2024-09-23,3,1154,967.5182015275395,1.0714890963729962,3.8228865030878243,True,False,Credit reporting or other personal consumer reports,"redacted, redacted redacted, account, credit, information, consumer, reporting, report, fcra, credit report"
calibration,2024-10-21,14,3915,3187.099190368614,2.6377107076690245,2.874383492064162,False,True,Credit reporting or other personal consumer reports,"redacted, redacted redacted, account, credit, report, information, credit report, reporting, fcra, consumer"
calibration,2024-10-28,14,3596,3202.941367159972,1.495097884272387,3.869481376336549,True,False,Credit reporting or other personal consumer reports,"redacted, redacted redacted, account, credit, report, information, credit report, reporting, fcra, consumer"
calibration,2024-11-04,19,1818,1392.7768798161026,2.2341757253025287,3.542301768941166,True,False,Credit reporting or other personal consumer reports,"credit, credit report, report, redacted redacted, redacted, identity, accounts, inquiries, theft, identity theft"
calibration,2024-12-02,10,449,298.09509149991453,1.2867731294417366,3.8049422390628784,True,False,Credit reporting or other personal consumer reports,"redacted redacted, redacted, report, credit, credit report, consent, complaint, erroneous information, reports, written consent"
calibration,2024-12-09,29,222,121.49340188046408,1.9356353407978242,4.640355316888039,True,False,Credit reporting or other personal consumer reports,"identity, theft, identity theft, redacted redacted, redacted, items, federal, federal trade, trade, report"
calibration,2024-12-23,32,171,63.99174930583102,2.460523390132326,3.886924937552653,True,False,Credit reporting or other personal consumer reports,"redacted redacted, redacted, credit, late payment, section, consumer, 15, verify, information, 1681"
calibration,2024-12-23,37,171,58.13629512098374,2.2479495358450294,3.763150041068374,True,False,Credit reporting or other personal consumer reports,"letters, reporting, inaccurate date, date, written, 15, credit, report, section, 1681"
