split,week,model,b2_static,b2_rolling_4
fit,2023-01-30,-199.9310562098885,-1105.2803642865474,-291.24321555674396
fit,2023-02-06,-204.85900582632743,-1119.0603763266554,-398.50898589864664
fit,2023-02-13,-201.6639396428717,-1134.485211114923,-450.83664897646304
fit,2023-02-20,-203.42310148362455,-1095.8582896030275,-496.202173122354
fit,2023-02-27,-207.61764999387302,-1221.671548003098,-369.22726188592424
fit,2023-03-06,-204.58231453059582,-1245.775112600706,-306.0743032796454
fit,2023-03-13,-205.15379832649364,-1193.3743432671035,-274.20656562630757
fit,2023-03-20,-201.3421099410663,-970.2300852455373,-339.1081712851046
fit,2023-03-27,-201.38513331302502,-911.3341222287563,-658.0227489567187
fit,2023-04-03,-199.47303022212606,-840.9640892350435,-433.47656082965113
fit,2023-04-10,-198.87448268527075,-858.2673055317864,-363.4790169647349
fit,2023-04-17,-202.7111509034762,-914.7034548232623,-548.6036833453327
fit,2023-04-24,-191.23744871661515,-857.7399554532167,-407.6330659211235
fit,2023-05-01,-198.73639741859964,-1080.7072316467675,-563.287101714559
fit,2023-05-08,-207.33412782135042,-1125.5284900506667,-739.0232273531001
fit,2023-05-15,-198.58280393628704,-1123.6742593697854,-471.63085793455684
fit,2023-05-22,-203.68478372507894,-975.5961275936716,-429.6940522964869
fit,2023-05-29,-196.0015393781418,-669.1772760227468,-510.2180814141575
fit,2023-06-05,-198.38105481489043,-679.9729717378068,-618.7524495157231
fit,2023-06-12,-199.605216746415,-740.2292549920385,-367.57123681419034
fit,2023-06-19,-197.24262466700742,-584.5913324933208,-258.1120870960149
fit,2023-06-26,-200.21860682733646,-604.2638273058692,-280.8842632138767
fit,2023-07-03,-190.01274681331918,-418.9244033490977,-396.81677944372495
fit,2023-07-10,-199.97657307816846,-532.0397466623399,-486.67742485761846
fit,2023-07-17,-203.35049868411062,-413.20139961242967,-410.46446030319566
fit,2023-07-24,-201.94954038683196,-372.5825129059376,-302.8402140895196
fit,2023-07-31,-200.7437697547443,-581.6476247973478,-480.25943496533
fit,2023-08-07,-201.3974077622063,-455.5835033332114,-291.3084864052398
fit,2023-08-14,-204.68455756126903,-538.9252413306967,-274.84037085394084
fit,2023-08-21,-203.42184038737187,-512.1541733945778,-309.58514581009877
fit,2023-08-28,-202.75590506760804,-525.555582463392,-356.82429872380817
fit,2023-09-04,-195.59436037542986,-503.13573711122444,-343.0240609537577
fit,2023-09-11,-199.08495060287308,-461.46002240986854,-262.98690116250873
fit,2023-09-18,-203.29790698877514,-468.38757139972586,-280.3613929777057
fit,2023-09-25,-201.16881527061403,-414.4136005102482,-228.79181584092294
fit,2023-10-02,-204.46175474983892,-550.2252048919327,-360.47969015358103
fit,2023-10-09,-201.34831183187055,-514.0153357509844,-284.8712548979129
fit,2023-10-16,-200.7540425654617,-544.2941473747196,-250.7460262883178
fit,2023-10-23,-192.57494459835064,-539.9125879358908,-396.68008716856275
fit,2023-10-30,-192.73582452115414,-559.0600511666707,-269.75760045313655
fit,2023-11-06,-198.41620600049447,-535.5272349852312,-269.1973917798314
fit,2023-11-13,-194.99793969731715,-581.37773925293,-261.86446218933634
fit,2023-11-20,-189.81038314885953,-484.69470132360584,-290.4413388837638
fit,2023-11-27,-196.12621754813435,-860.063303029383,-470.64273716360185
fit,2023-12-04,-197.55132028303828,-787.5685556266253,-352.6480804099119
fit,2023-12-11,-200.6674037539083,-777.0170905504201,-458.59045906075335
fit,2023-12-18,-206.22845729725628,-898.2394211924693,-455.91939747873766
fit,2023-12-25,-194.54350167079065,-668.6490828847454,-291.85621321182043
fit,2024-01-01,-194.5410067716562,-676.6125373617979,-465.07164580912286
fit,2024-01-08,-196.85283118083458,-539.519484163291,-319.93488672183594
fit,2024-01-15,-194.8749970963889,-725.590752485441,-329.60066278168233
fit,2024-01-22,-201.98060009674532,-631.7261159771879,-379.88572559017484
fit,2024-01-29,-202.61572296628933,-695.7828049262753,-297.4503205189285
fit,2024-02-05,-205.90114624415284,-476.16472952024196,-350.84580555612774
fit,2024-02-12,-206.44997187053625,-470.4008966211113,-427.568697239185
fit,2024-02-19,-203.33943121361537,-435.4486832948751,-348.88933264650404
fit,2024-02-26,-206.4688789873788,-479.5372682068264,-282.9718593575599
fit,2024-03-04,-215.6273757556695,-486.74231013155077,-613.6838887207705
fit,2024-03-11,-228.49795261417782,-879.0502354583878,-914.3664347706363
fit,2024-03-18,-234.0477613553045,-875.6196365403594,-632.1306994549595
fit,2024-03-25,-230.71956302649994,-732.42399632468,-438.5788889139949
fit,2024-04-01,-233.5287547939783,-909.0853273982648,-348.062182197973
fit,2024-04-08,-228.33241917573554,-768.83453745523,-400.54051113466267
fit,2024-04-15,-232.00559636477792,-825.1583856998477,-502.58206299573794
fit,2024-04-22,-239.36155826487808,-985.4237916903221,-624.2942898552865
fit,2024-04-29,-236.72992059159117,-849.0236594793387,-624.4254203956662
fit,2024-05-06,-242.1916132594587,-1106.6141637343098,-656.4658745679262
fit,2024-05-13,-237.81531558691327,-844.0176349761896,-374.1555196552945
fit,2024-05-20,-245.20652957084806,-1184.1989223170094,-426.53110306474264
fit,2024-05-27,-235.7901401674718,-805.0008414248005,-459.49510727770394
fit,2024-06-03,-244.21088311099922,-1082.0407578098238,-460.99408255181334
fit,2024-06-10,-243.2513873852904,-1014.5335133901099,-514.9343283127091
fit,2024-06-17,-244.1117520008234,-1001.1409175704466,-509.7511191656231
fit,2024-06-24,-240.95637799238884,-1175.4025607945514,-510.53470906116854
fit,2024-07-01,-237.16427811407866,-959.8790688319714,-384.7503124580544
fit,2024-07-08,-234.9620581890642,-742.4015939993551,-513.0172723105643
fit,2024-07-15,-245.29819870157397,-1286.550977136736,-532.6046613242943
fit,2024-07-22,-240.36307098306702,-991.9876037819195,-452.01869909183006
fit,2024-07-29,-238.58099231853052,-893.3157087770815,-524.8943994204892
fit,2024-08-05,-241.2631067901078,-1068.4930884559872,-363.600554648503
fit,2024-08-12,-240.48940373174582,-1047.5993314036168,-329.016677376203
fit,2024-08-19,-239.08343461341272,-1011.0074389048968,-460.91273797567555
fit,2024-08-26,-249.29277864683382,-1283.7805296678562,-380.0332884102754
fit,2024-09-02,-247.22369869435167,-1272.7290589974727,-504.3117401660711
fit,2024-09-09,-243.5545079978257,-1224.2067944012815,-414.16966908433824
fit,2024-09-16,-244.6046583679175,-1252.90895350324,-342.28027550447587
fit,2024-09-23,-244.10151240990385,-1258.6510797793453,-428.2736235258053
calibration,2024-10-07,-255.1511140149237,-1716.2823432911246,-530.8578353083285
calibration,2024-10-14,-243.83672082313723,-1274.4580752975016,-376.58632321278856
calibration,2024-10-21,-243.9383481108237,-1613.3356838827021,-644.8491524175479
calibration,2024-10-28,-241.21311685706343,-1647.988537315745,-496.07834689821175
calibration,2024-11-04,-242.96891823544325,-1695.0269114638504,-430.6960255216327
calibration,2024-11-11,-231.90013314365046,-1424.6748259919696,-528.4055592873483
calibration,2024-11-18,-250.87103975414598,-2035.4341470364598,-498.53116603015224
calibration,2024-11-25,-246.62764749709964,-1934.085045029875,-429.81303995604685
calibration,2024-12-02,-251.75212512406853,-2300.5192612179962,-361.87496633791307
calibration,2024-12-09,-252.51472192656942,-2186.912558775075,-314.63645334042667
calibration,2024-12-16,-247.38993504038515,-1794.399048010324,-425.5627956416283
calibration,2024-12-23,-244.28939170899716,-1619.7055831335892,-493.2796124158049
