split,week,cluster_id,complaint_count,weekly_total,model_mean,model_p025,model_p10,model_p25,model_p50,model_p75,model_p90,model_p975,model_impossible_probability
calibration,2024-10-07,0,23,18288,12.356409072875977,,3.0998478,7.319239139556884,12.356409,18.335763931274414,25.61117,,0.0
calibration,2024-10-07,1,161,18288,96.15087890625,,74.540764,84.65576553344727,96.15088,108.5868034362793,125.51749,,0.0
calibration,2024-10-07,2,431,18288,280.1639709472656,,202.58499,240.51617431640625,280.16397,317.1411437988281,355.26453,,0.0
calibration,2024-10-07,3,1314,18288,1140.665283203125,,989.19366,1071.30810546875,1140.6653,1208.7255859375,1277.6045,,0.0
calibration,2024-10-07,4,148,18288,176.92999267578125,,140.95099,158.69232177734375,176.93,195.47373962402344,214.55167,,0.0
calibration,2024-10-07,5,217,18288,280.6388244628906,,196.92061,238.7725601196289,280.63882,315.116943359375,349.15054,,0.0
calibration,2024-10-07,6,160,18288,187.1821746826172,,144.5532,165.07940673828125,187.18217,213.13409423828125,238.69849,,0.0
calibration,2024-10-07,7,260,18288,140.24888610839844,,91.42796,114.16168212890625,140.24889,166.99989318847656,193.42404,,0.0
calibration,2024-10-07,8,1475,18288,1353.8079833984375,,1247.2451,1299.0284423828125,1353.808,1411.2225952148438,1468.5635,,0.0
calibration,2024-10-07,9,24,18288,30.181032180786133,,13.445096,21.078073501586914,30.181032,42.226430892944336,55.39016,,0.0
calibration,2024-10-07,10,64,18288,128.01852416992188,,74.57066,99.90348052978516,128.01852,156.35968780517578,182.55151,,0.0
calibration,2024-10-07,11,1270,18288,1449.211181640625,,1288.4543,1366.15771484375,1449.2112,1530.8348999023438,1606.2705,,0.0
calibration,2024-10-07,12,1345,18288,1297.6632080078125,,1174.2195,1237.3301391601562,1297.6632,1356.1237182617188,1410.8978,,0.0
calibration,2024-10-07,13,1179,18288,1303.4747314453125,,1167.726,1233.2727661132812,1303.4747,1371.0291137695312,1428.9552,,0.0
calibration,2024-10-07,14,3228,18288,3385.260986328125,,3056.1199,3214.5537109375,3385.261,3558.921875,3734.0593,,0.0
calibration,2024-10-07,15,110,18288,113.22020721435547,,75.3773,93.08411026000977,113.22021,133.65128326416016,154.45343,,0.0
calibration,2024-10-07,16,296,18288,275.88262939453125,,185.22289,226.14647674560547,275.88263,338.1261901855469,406.52905,,0.0
calibration,2024-10-07,17,642,18288,771.0045166015625,,653.65753,709.406005859375,771.0045,834.1700134277344,898.51495,,0.0
calibration,2024-10-07,18,257,18288,111.48075103759766,,75.767654,92.87466049194336,111.48075,131.42514038085938,152.7331,,0.0
calibration,2024-10-07,19,1373,18288,1285.7625732421875,,1167.0935,1224.4866943359375,1285.7626,1347.0172119140625,1402.6715,,0.0
calibration,2024-10-07,20,83,18288,49.95259094238281,,25.772778,36.73499298095703,49.95259,67.3159065246582,87.245766,,0.0
calibration,2024-10-07,21,79,18288,65.65847778320312,,40.241314,52.24692916870117,65.65848,78.95906829833984,92.11428,,0.0
calibration,2024-10-07,22,246,18288,204.48574829101562,,152.34656,177.37940216064453,204.48575,232.25069427490234,259.78885,,0.0
calibration,2024-10-07,23,147,18288,105.6885757446289,,72.18954,88.90553665161133,105.688576,124.85192489624023,150.17017,,0.0
calibration,2024-10-07,24,216,18288,177.28155517578125,,127.36827,152.20793914794922,177.28156,202.5832977294922,230.39896,,0.0
calibration,2024-10-07,25,206,18288,241.05868530273438,,190.5391,215.21761322021484,241.05869,266.2269287109375,289.4081,,0.0
calibration,2024-10-07,26,210,18288,160.54745483398438,,112.757645,134.86808013916016,160.54745,187.8773422241211,217.26106,,0.0
calibration,2024-10-07,27,212,18288,174.4378204345703,,107.12399,135.40194702148438,174.43782,214.7922821044922,255.36926,,0.0
calibration,2024-10-07,28,224,18288,183.51132202148438,,109.15724,138.82430267333984,183.51132,243.88104248046872,315.47168,,0.0
calibration,2024-10-07,29,154,18288,190.59390258789062,,103.27528,142.60843658447266,190.5939,240.16986083984375,296.10632,,0.0
calibration,2024-10-07,30,470,18288,470.8480224609375,,375.10046,422.4630584716797,470.84802,521.7208862304688,580.11053,,0.0
calibration,2024-10-07,31,352,18288,258.55548095703125,,159.64148,199.8966293334961,258.55548,304.7444763183594,340.45572,,0.0
calibration,2024-10-07,32,246,18288,230.66326904296875,,154.78668,190.46820831298828,230.66327,272.04652404785156,318.27786,,0.0
calibration,2024-10-07,33,18,18288,17.511077880859375,,1.0547028,8.499385833740233,17.511078,28.285636901855465,43.02763,,0.0
calibration,2024-10-07,34,96,18288,90.63250732421875,,47.168922,67.96379470825195,90.63251,112.81964111328125,132.49565,,0.0
calibration,2024-10-07,35,26,18288,24.205007553100586,,8.234716,15.074048042297362,24.205008,35.16527557373047,48.69398,,0.0
calibration,2024-10-07,36,601,18288,805.2618408203125,,664.3922,731.2774963378906,805.26184,877.7655029296875,944.75696,,0.0
calibration,2024-10-07,37,247,18288,156.17120361328125,,103.76231,127.93585968017578,156.1712,188.0483169555664,229.18066,,0.0
calibration,2024-10-07,38,231,18288,198.19595336914062,,157.99281,177.2042999267578,198.19595,220.09033203125,242.35574,,0.0
calibration,2024-10-07,39,247,18288,216.99862670898438,,176.8402,196.6345672607422,216.99863,237.13058471679688,258.59393,,0.0
calibration,2024-10-14,0,15,16930,15.191402435302734,,3.7883396,8.955197811126709,15.191402,22.682950019836422,32.06773,,0.0
calibration,2024-10-14,1,130,16930,128.43809509277344,,92.95001,107.94246292114258,128.4381,172.358039855957,231.25314,,0.0
calibration,2024-10-14,2,329,16930,380.7800598144531,,291.70953,335.6870574951172,380.78006,425.268310546875,478.33566,,0.0
calibration,2024-10-14,3,1142,16930,1301.452880859375,,1113.7874,1216.3034057617188,1301.4529,1382.8668823242188,1473.2515,,0.0
calibration,2024-10-14,4,164,16930,140.5245819091797,,110.30079,124.98200607299805,140.52458,156.20338439941406,172.81306,,0.0
calibration,2024-10-14,5,227,16930,209.13021850585938,,136.21016,171.28359985351562,209.13022,247.08396911621094,286.03076,,0.0
calibration,2024-10-14,6,176,16930,167.44204711914062,,128.48302,146.67432403564453,167.44205,198.96200561523438,229.6813,,0.0
calibration,2024-10-14,7,270,16930,190.5219268798828,,123.307846,152.90970611572266,190.52193,229.58306121826172,266.50174,,0.0
calibration,2024-10-14,8,1303,16930,1348.3192138671875,,1240.6063,1293.02001953125,1348.3192,1404.1809692382812,1461.9697,,0.0
calibration,2024-10-14,9,21,16930,25.082740783691406,,11.783546,17.884862899780273,25.08274,33.76241874694824,43.926296,,0.0
calibration,2024-10-14,10,144,16930,92.95740509033203,,38.974014,64.20098114013672,92.957405,122.71975708007811,150.82028,,0.0
calibration,2024-10-14,11,1460,16930,1290.338134765625,,1128.7091,1206.6769409179688,1290.3381,1376.1161499023438,1456.297,,0.0
calibration,2024-10-14,12,1296,16930,1288.825439453125,,1186.3574,1237.7821044921875,1288.8254,1339.345458984375,1389.1454,,0.0
calibration,2024-10-14,13,1272,16930,1189.7242431640625,,1056.7433,1120.03125,1189.7242,1258.1624145507812,1317.7373,,0.0
calibration,2024-10-14,14,3069,16930,3173.671630859375,,2916.028,3040.2470703125,3173.6716,3315.4901123046875,3454.5674,,0.0
calibration,2024-10-14,15,78,16930,96.7945785522461,,63.978554,79.33480453491211,96.79458,115.46806716918945,135.46976,,0.0
calibration,2024-10-14,16,348,16930,274.5857238769531,,200.8837,236.52561950683594,274.58572,314.6207580566406,361.6892,,0.0
calibration,2024-10-14,17,643,16930,667.7107543945312,,551.3532,606.8606262207031,667.71075,731.5816650390625,796.11194,,0.0
calibration,2024-10-14,18,91,16930,187.93458557128906,,126.717705,155.88272094726562,187.93459,233.67818450927734,285.483,,0.0
calibration,2024-10-14,19,1212,16930,1311.329833984375,,1199.7766,1252.79345703125,1311.3298,1369.3314208984375,1422.0305,,0.0
calibration,2024-10-14,20,46,16930,69.71208190917969,,39.863243,53.11535835266113,69.71208,88.18646240234375,103.54267,,0.0
calibration,2024-10-14,21,79,16930,64.2164077758789,,39.200546,51.02785301208496,64.21641,78.02886199951172,91.3978,,0.0
calibration,2024-10-14,22,236,16930,217.85202026367188,,164.38156,190.10271453857422,217.85202,245.87708282470703,274.93542,,0.0
calibration,2024-10-14,23,112,16930,132.7823486328125,,87.92639,110.04225158691406,132.78235,156.31507873535156,185.73782,,0.0
calibration,2024-10-14,24,186,16930,187.62750244140625,,143.44211,165.56372833251953,187.6275,209.4161834716797,233.39285,,0.0
calibration,2024-10-14,25,168,16930,221.34548950195312,,169.61545,194.22113800048828,221.34549,248.25287628173828,272.7385,,0.0
calibration,2024-10-14,26,154,16930,188.69760131835938,,134.86003,160.0596160888672,188.6976,218.74429321289062,250.33661,,0.0
calibration,2024-10-14,27,116,16930,184.06887817382812,,117.15738,148.3865737915039,184.06888,220.52076721191406,258.7416,,0.0
calibration,2024-10-14,28,219,16930,191.61822509765625,,116.08233,147.99903869628906,191.61823,239.44395446777344,294.5366,,0.0
calibration,2024-10-14,29,62,16930,156.56983947753906,,94.13693,123.7383804321289,156.56984,191.7748031616211,235.2586,,0.0
calibration,2024-10-14,30,468,16930,442.3619079589844,,350.44418,396.3217468261719,442.3619,490.9941101074219,544.8298,,0.0
calibration,2024-10-14,31,205,16930,312.98016357421875,,196.65585,247.9747543334961,312.98016,361.0155944824219,401.8188,,0.0
calibration,2024-10-14,32,206,16930,233.38839721679688,,167.4949,199.24217987060547,233.3884,266.2653350830078,300.7945,,0.0
calibration,2024-10-14,33,16,16930,16.932598114013672,,3.1027222,9.579654693603516,16.932598,25.646598815917965,35.896404,,0.0
calibration,2024-10-14,34,52,16930,84.15265655517578,,44.846313,63.675262451171875,84.15266,104.02842330932617,122.051834,,0.0
calibration,2024-10-14,35,55,16930,24.01506805419922,,9.885874,16.264103889465332,24.015068,33.07259654998779,44.415962,,0.0
calibration,2024-10-14,36,592,16930,689.7868041992188,,528.9762,604.6360778808594,689.7868,774.3320617675781,849.9767,,0.0
calibration,2024-10-14,37,149,16930,219.21414184570312,,154.76657,184.1724395751953,219.21414,261.128173828125,310.20218,,0.0
calibration,2024-10-14,38,215,16930,217.96656799316406,,179.69557,198.33631896972656,217.96657,237.83154296875,258.20557,,0.0
calibration,2024-10-14,39,204,16930,228.342041015625,,190.84793,209.2356948852539,228.34204,247.66999053955078,268.64307,,0.0
calibration,2024-10-21,0,25,17421,14.156002044677734,,4.946739,9.122424125671387,14.156002,20.043875694274902,27.019226,,0.0
calibration,2024-10-21,1,59,17421,116.82431030273438,,85.45557,99.49562072753906,116.82431,137.65998077392578,167.55772,,0.0
calibration,2024-10-21,2,312,17421,325.8305358886719,,246.47845,285.07655334472656,325.83054,368.875,420.6852,,0.0
calibration,2024-10-21,3,1101,17421,1200.8009033203125,,1047.021,1127.0779418945312,1200.8009,1278.11474609375,1363.6595,,0.0
calibration,2024-10-21,4,133,17421,145.84304809570312,,114.207794,129.53867721557617,145.84305,162.38380432128906,179.47658,,0.0
calibration,2024-10-21,5,382,17421,228.28253173828125,,170.1826,198.28404998779297,228.28253,258.2465286254883,288.79352,,0.0
calibration,2024-10-21,6,172,17421,171.6016387939453,,136.27211,152.94570922851562,171.60164,194.92101287841797,220.26474,,0.0
calibration,2024-10-21,7,187,17421,226.66146850585938,,152.58871,185.68763732910156,226.66147,263.78782653808594,294.2516,,0.0
calibration,2024-10-21,8,1455,17421,1343.1468505859375,,1241.5469,1290.0409545898438,1343.1469,1399.3768920898438,1456.8514,,0.0
calibration,2024-10-21,9,17,17421,22.297809600830078,,12.334297,16.80108070373535,22.29781,29.24483776092529,37.848083,,0.0
calibration,2024-10-21,10,177,17421,134.99929809570312,,74.62878,102.83489608764648,134.9993,167.07281494140625,196.75009,,0.0
calibration,2024-10-21,11,1408,17421,1422.72412109375,,1295.8029,1357.69482421875,1422.7241,1488.3111572265625,1553.4506,,0.0
calibration,2024-10-21,12,1282,17421,1298.4241943359375,,1205.5608,1253.0989990234375,1298.4242,1343.6447143554688,1388.947,,0.0
calibration,2024-10-21,13,1331,17421,1241.02197265625,,1121.8651,1179.0101928710938,1241.022,1301.7084350585938,1355.7211,,0.0
calibration,2024-10-21,14,3915,17421,3184.08544921875,,2944.4014,3059.497314453125,3184.0854,3317.74951171875,3443.7168,,0.0
calibration,2024-10-21,15,72,17421,96.50375366210938,,64.044266,79.17604064941406,96.50375,116.51457214355469,138.2385,,0.0
calibration,2024-10-21,16,360,17421,309.587890625,,227.0693,266.9785614013672,309.5879,355.2698211669922,404.63257,,0.0
calibration,2024-10-21,17,619,17421,672.25341796875,,572.28235,619.3668823242188,672.2534,728.9994201660156,788.88153,,0.0
calibration,2024-10-21,18,77,17421,110.55472564697266,,59.99659,84.32199478149414,110.554726,138.4871826171875,169.74936,,0.0
calibration,2024-10-21,19,1299,17421,1287.99658203125,,1172.633,1227.57177734375,1287.9966,1348.8294677734375,1403.7185,,0.0
calibration,2024-10-21,20,52,17421,50.18122100830078,,25.768093,36.42690849304199,50.18122,68.43500137329102,88.53021,,0.0
calibration,2024-10-21,21,55,17421,74.06227111816406,,51.988224,62.75614356994629,74.06227,85.2702522277832,96.26823,,0.0
calibration,2024-10-21,22,230,17421,223.237060546875,,171.2888,196.25676727294922,223.23706,251.06163024902344,280.39087,,0.0
calibration,2024-10-21,23,97,17421,112.82713317871094,,77.83956,94.87307739257812,112.82713,132.52108001708984,157.41212,,0.0
calibration,2024-10-21,24,169,17421,186.19012451171875,,143.1619,164.79331970214844,186.19012,208.2172393798828,234.30371,,0.0
calibration,2024-10-21,25,136,17421,202.98965454101562,,150.73006,175.47162628173828,202.98965,230.98057556152344,256.70105,,0.0
calibration,2024-10-21,26,157,17421,163.04196166992188,,117.03927,138.57542419433594,163.04196,189.37396240234375,216.72664,,0.0
calibration,2024-10-21,27,48,17421,134.58108520507812,,74.33059,101.72374725341797,134.58109,169.99305725097656,208.18457,,0.0
calibration,2024-10-21,28,233,17421,197.90557861328125,,130.10596,161.83961486816406,197.90558,241.76673889160156,294.83478,,0.0
calibration,2024-10-21,29,73,17421,80.73628234863281,,29.856285,52.522918701171875,80.73628,113.34964752197264,150.27353,,0.0
calibration,2024-10-21,30,400,17421,455.0806579589844,,370.45883,412.30169677734375,455.08066,500.65956115722656,552.6916,,0.0
calibration,2024-10-21,31,224,17421,222.797119140625,,140.67903,175.46592712402344,222.79712,271.2646789550781,309.36206,,0.0
calibration,2024-10-21,32,76,17421,201.02508544921875,,135.37709,166.95767211914062,201.02509,234.5284881591797,269.13898,,0.0
calibration,2024-10-21,33,9,17421,16.517120361328125,,9.754005,12.98533821105957,16.51712,21.031614303588867,29.229488,,0.0
calibration,2024-10-21,34,29,17421,79.11383056640625,,40.042366,58.51138496398926,79.11383,99.5153923034668,117.935326,,0.0
calibration,2024-10-21,35,29,17421,36.8706169128418,,15.643242,24.731231689453125,36.870617,52.16896438598632,69.39869,,0.0
calibration,2024-10-21,36,564,17421,655.7515258789062,,511.01532,578.7398986816406,655.7515,737.7084655761719,814.07043,,0.0
calibration,2024-10-21,37,58,17421,153.72152709960938,,105.15355,128.50683212280273,153.72153,186.19638061523438,229.6083,,0.0
calibration,2024-10-21,38,248,17421,210.47613525390625,,173.0485,191.36195373535156,210.47614,230.1244354248047,250.23145,,0.0
calibration,2024-10-21,39,151,17421,212.6754150390625,,177.51082,194.67042541503906,212.67542,231.25975036621094,251.15451,,0.0
calibration,2024-10-28,0,4,16490,15.049593925476074,,4.5827427,9.403477668762207,15.049594,21.28727912902832,28.365202,,0.0
calibration,2024-10-28,1,57,16490,63.86236572265625,,38.958344,50.41069221496582,63.862366,79.30956649780273,99.07548,,0.0
calibration,2024-10-28,2,242,16490,289.47613525390625,,220.8755,254.94696044921875,289.47614,323.31837463378906,359.94955,,0.0
calibration,2024-10-28,3,1119,16490,1104.7711181640625,,960.4835,1032.8994140625,1104.7711,1180.5183715820312,1258.1509,,0.0
calibration,2024-10-28,4,110,16490,129.14295959472656,,98.5327,113.04681396484375,129.14296,146.33270263671875,164.95432,,0.0
calibration,2024-10-28,5,363,16490,282.8291320800781,,188.55325,232.37007904052734,282.82913,351.2655334472656,424.36407,,0.0
calibration,2024-10-28,6,118,16490,162.82833862304688,,130.21991,145.91191864013672,162.82834,182.56163024902344,204.49995,,0.0
calibration,2024-10-28,7,167,16490,192.21177673339844,,130.29291,159.1665496826172,192.21178,225.56177520751953,257.30396,,0.0
calibration,2024-10-28,8,1414,16490,1353.0975341796875,,1246.0304,1297.4462890625,1353.0975,1410.7659301757812,1469.959,,0.0
calibration,2024-10-28,9,17,16490,16.82137680053711,,8.633522,12.355838298797607,16.821377,22.342448234558105,29.220219,,0.0
calibration,2024-10-28,10,133,16490,155.39669799804688,,98.30975,125.25040435791016,155.3967,185.4079818725586,214.07831,,0.0
calibration,2024-10-28,11,1187,16490,1386.3468017578125,,1250.1072,1316.342041015625,1386.3468,1456.48828125,1522.1682,,0.0
calibration,2024-10-28,12,1215,16490,1267.926513671875,,1180.2634,1224.4489135742188,1267.9265,1311.2559204101562,1352.0392,,0.0
calibration,2024-10-28,13,1305,16490,1252.3587646484375,,1134.0721,1190.9324951171875,1252.3588,1311.992919921875,1364.7623,,0.0
calibration,2024-10-28,14,3596,16490,3572.56689453125,,3148.0452,3348.1702880859375,3572.567,3876.6075439453125,4189.102,,0.0
calibration,2024-10-28,15,64,16490,72.76117706298828,,40.048622,55.12545394897461,72.76118,91.68083953857422,111.21511,,0.0
calibration,2024-10-28,16,328,16490,323.639404296875,,239.60252,280.443359375,323.6394,360.5095977783203,395.5003,,0.0
calibration,2024-10-28,17,549,16490,629.7192993164062,,525.8782,574.5704956054688,629.7193,689.2173156738281,751.0804,,0.0
calibration,2024-10-28,18,71,16490,81.67657470703125,,42.847565,61.41217231750488,81.676575,104.07179641723633,129.01443,,0.0
calibration,2024-10-28,19,1563,16490,1278.722412109375,,1171.8746,1222.2645263671875,1278.7224,1336.5775146484375,1390.8994,,0.0
calibration,2024-10-28,20,32,16490,49.835731506347656,,28.089005,37.8164176940918,49.83573,64.75518226623535,81.87779,,0.0
calibration,2024-10-28,21,49,16490,59.39500427246094,,35.967747,47.06594276428223,59.395004,71.92191696166992,84.06457,,0.0
calibration,2024-10-28,22,174,16490,220.97988891601562,,174.53943,197.11351013183594,220.97989,245.58499908447266,271.07147,,0.0
calibration,2024-10-28,23,75,16490,96.75830078125,,66.75105,81.38502502441406,96.7583,114.28815460205078,136.44873,,0.0
calibration,2024-10-28,24,164,16490,164.44973754882812,,126.67856,145.86504364013672,164.44974,183.54766845703125,205.6264,,0.0
calibration,2024-10-28,25,185,16490,150.15464782714844,,99.101,123.06749725341797,150.15465,178.56619262695312,206.19809,,0.0
calibration,2024-10-28,26,116,16490,155.3109130859375,,116.7697,134.4563980102539,155.31091,180.63300323486328,211.42163,,0.0
calibration,2024-10-28,27,43,16490,64.64863586425781,,12.045708,36.15176200866699,64.648636,98.09392929077147,136.31439,,0.0
calibration,2024-10-28,28,198,16490,209.82888793945312,,138.9303,171.3775405883789,209.82889,253.1041488647461,302.3797,,0.0
calibration,2024-10-28,29,72,16490,81.38729858398438,,36.288715,56.84370803833008,81.3873,108.80171585083006,140.82028,,0.0
calibration,2024-10-28,30,319,16490,394.80035400390625,,322.93546,357.16314697265625,394.80035,436.3641357421875,485.46503,,0.0
calibration,2024-10-28,31,249,16490,222.36236572265625,,146.49072,182.2628402709961,222.36237,260.6213073730469,300.19122,,0.0
calibration,2024-10-28,32,119,16490,91.92798614501953,,35.773445,61.00015449523925,91.927986,127.27122497558592,169.61435,,0.0
calibration,2024-10-28,33,14,16490,12.162528991699219,,4.348381,7.545421600341796,12.162529,18.526124954223633,29.590187,,0.0
calibration,2024-10-28,34,31,16490,49.97416687011719,,11.029896,29.403991699218746,49.974167,70.48698425292969,89.1504,,0.0
calibration,2024-10-28,35,24,16490,29.717607498168945,,12.76445,20.25749111175537,29.717607,40.74091720581055,53.734535,,0.0
calibration,2024-10-28,36,618,16490,599.2532958984375,,469.83636,530.5144958496094,599.2533,672.9470825195312,742.8144,,0.0
calibration,2024-10-28,37,32,16490,64.19020080566406,,30.110397,44.823856353759766,64.1902,91.37291336059569,132.5437,,0.0
calibration,2024-10-28,38,222,16490,222.7439727783203,,182.23413,201.93688201904297,222.74397,243.7387237548828,265.5604,,0.0
calibration,2024-10-28,39,132,16490,160.89114379882812,,114.547356,136.74225616455078,160.89114,185.26859283447266,209.8057,,0.0
calibration,2024-11-04,0,13,17683,10.907767295837402,,2.4379864,6.257150650024413,10.907767,16.622990131378174,23.596184,,0.0
calibration,2024-11-04,1,46,17683,62.0677375793457,,40.058388,50.35450744628906,62.067738,75.49042892456055,93.31696,,0.0
calibration,2024-11-04,2,340,17683,251.05270385742188,,181.88705,215.42759704589844,251.0527,287.9114685058594,329.5799,,0.0
calibration,2024-11-04,3,1215,17683,1147.9267578125,,1012.6228,1080.5772705078125,1147.9268,1219.164794921875,1294.3003,,0.0
calibration,2024-11-04,4,195,17683,105.10000610351562,,78.11969,90.36515426635742,105.100006,121.24433135986328,139.02974,,0.0
calibration,2024-11-04,5,293,17683,339.4732971191406,,251.9847,295.4855194091797,339.4733,380.2738037109375,422.24805,,0.0
calibration,2024-11-04,6,155,17683,145.9295196533203,,114.33532,128.96484756469727,145.92952,170.44351959228516,197.36763,,0.0
calibration,2024-11-04,7,168,17683,181.44827270507812,,123.84405,150.78136444091797,181.44827,212.82025146484375,243.61337,,0.0
calibration,2024-11-04,8,1542,17683,1432.246826171875,,1324.5493,1376.5697631835938,1432.2468,1488.908203125,1547.7286,,0.0
calibration,2024-11-04,9,17,17683,18.337305068969727,,11.795538,14.879977703094482,18.337305,22.045753479003906,26.079931,,0.0
calibration,2024-11-04,10,200,17683,134.84173583984375,,84.38689,108.01555633544922,134.84174,162.06358337402344,187.61452,,0.0
calibration,2024-11-04,11,1366,17683,1346.78173828125,,1190.5305,1266.5172729492188,1346.7817,1427.7069702148438,1501.727,,0.0
calibration,2024-11-04,12,1338,17683,1270.5977783203125,,1183.1732,1228.0084838867188,1270.5978,1314.269775390625,1356.779,,0.0
calibration,2024-11-04,13,1279,17683,1312.910400390625,,1198.0155,1255.26953125,1312.9104,1367.9237670898438,1416.8784,,0.0
calibration,2024-11-04,14,3644,17683,3642.2607421875,,3277.0095,3453.7447509765625,3642.2607,3840.6163330078125,4047.213,,0.0
calibration,2024-11-04,15,79,17683,81.14578247070312,,50.68582,64.85369110107422,81.14578,101.79844284057617,123.73273,,0.0
calibration,2024-11-04,16,261,17683,317.3632507324219,,244.38002,281.4724426269531,317.36325,352.3398742675781,388.73752,,0.0
calibration,2024-11-04,17,624,17683,613.8117065429688,,514.8616,561.59619140625,613.8117,671.0929260253906,731.9568,,0.0
calibration,2024-11-04,18,97,17683,76.79967498779297,,47.465515,61.56025695800781,76.799675,94.13647842407227,115.35472,,0.0
calibration,2024-11-04,19,1818,17683,1419.524658203125,,1277.5958,1345.6327514648438,1419.5247,1492.4356689453125,1561.3456,,0.0
calibration,2024-11-04,20,43,17683,34.60404968261719,,17.626099,25.217069625854492,34.60405,47.82330894470214,63.712234,,0.0
calibration,2024-11-04,21,49,17683,54.993873596191406,,33.49755,43.53897285461426,54.993874,67.01802825927734,78.83181,,0.0
calibration,2024-11-04,22,203,17683,189.46603393554688,,142.96425,165.2703094482422,189.46603,215.0115966796875,240.78723,,0.0
calibration,2024-11-04,23,78,17683,80.35918426513672,,54.420532,66.68244743347168,80.359184,97.83422470092773,121.68791,,0.0
calibration,2024-11-04,24,208,17683,163.79270935058594,,127.143585,145.69635009765625,163.79271,182.6198272705078,204.64034,,0.0
calibration,2024-11-04,25,161,17683,178.6878204345703,,130.18431,153.04625701904297,178.68782,204.8402099609375,229.73753,,0.0
calibration,2024-11-04,26,108,17683,122.43804931640625,,82.20551,101.26396942138672,122.43805,145.8530502319336,171.17961,,0.0
calibration,2024-11-04,27,50,17683,62.83112335205078,,18.921326,38.66700553894043,62.831123,92.82533264160155,128.65671,,0.0
calibration,2024-11-04,28,227,17683,198.16275024414062,,138.09927,166.7863311767578,198.16275,234.1201171875,277.71188,,0.0
calibration,2024-11-04,29,65,17683,74.26480102539062,,39.08859,54.906368255615234,74.2648,96.2708511352539,123.10808,,0.0
calibration,2024-11-04,30,396,17683,332.42730712890625,,264.7045,296.45213317871094,332.4273,372.87928771972656,420.62888,,0.0
calibration,2024-11-04,31,188,17683,239.010498046875,,164.74722,200.84939575195312,239.0105,272.52174377441406,308.0954,,0.0
calibration,2024-11-04,32,45,17683,114.77722930908203,,55.980415,83.52326965332031,114.77723,150.3057861328125,190.29642,,0.0
calibration,2024-11-04,33,15,17683,12.76107406616211,,5.332512,8.805130004882812,12.761074,17.9357852935791,28.611172,,0.0
calibration,2024-11-04,34,54,17683,49.91600036621094,,14.025738,30.807373046874996,49.916,69.29071426391602,87.00264,,0.0
calibration,2024-11-04,35,26,17683,27.24245834350586,,12.497435,19.00098705291748,27.242458,38.218400955200195,51.82645,,0.0
calibration,2024-11-04,36,614,17683,633.5590209960938,,506.88095,566.4395446777344,633.559,705.6387939453125,774.5109,,0.0
calibration,2024-11-04,37,62,17683,27.388015747070312,,6.0823135,15.520921707153319,27.388016,42.927356719970696,66.32204,,0.0
calibration,2024-11-04,38,286,17683,223.5693359375,,189.87506,206.59286499023438,223.56934,240.60804748535156,257.76224,,0.0
calibration,2024-11-04,39,115,17683,136.52479553222656,,97.399574,115.92988586425781,136.5248,158.1613998413086,181.89911,,0.0
calibration,2024-11-11,0,16,17582,11.342799186706543,,3.2016811,6.85107135772705,11.342799,17.061448097229004,24.322855,,0.0
calibration,2024-11-11,1,37,17582,47.82097625732422,,31.060886,39.41487503051758,47.820976,57.86264991760254,72.33803,,0.0
calibration,2024-11-11,2,187,17582,305.0174255371094,,236.29282,270.2768249511719,305.01743,337.7626953125,372.08075,,0.0
calibration,2024-11-11,3,982,17582,1177.09619140625,,1060.2512,1118.5657348632812,1177.0962,1237.8904418945312,1300.1998,,0.0
calibration,2024-11-11,4,114,17582,133.0789337158203,,97.28349,113.76580810546875,133.07893,153.29517364501953,175.26836,,0.0
calibration,2024-11-11,5,311,17582,299.6011047363281,,232.49042,266.1039123535156,299.6011,332.8892059326172,367.2116,,0.0
calibration,2024-11-11,6,105,17582,146.33216857910156,,111.90454,128.18289947509766,146.33217,169.23147583007812,194.212,,0.0
calibration,2024-11-11,7,166,17582,174.9073028564453,,124.331184,147.95671844482422,174.9073,202.89991760253906,230.80165,,0.0
calibration,2024-11-11,8,1797,17582,1457.2593994140625,,1338.5029,1395.5511474609375,1457.2594,1520.1315307617188,1584.7722,,0.0
calibration,2024-11-11,9,18,17582,16.708290100097656,,10.05978,13.20231819152832,16.70829,20.74315643310547,25.855476,,0.0
calibration,2024-11-11,10,198,17582,169.25778198242188,,108.63922,137.14025115966797,169.25778,200.64202880859375,230.19069,,0.0
calibration,2024-11-11,11,1485,17582,1331.410400390625,,1192.4844,1259.6720581054688,1331.4104,1403.8187255859375,1471.7906,,0.0
calibration,2024-11-11,12,1395,17582,1299.27197265625,,1212.3856,1255.84423828125,1299.272,1341.0958251953125,1378.1414,,0.0
calibration,2024-11-11,13,1385,17582,1288.810302734375,,1179.1614,1232.8705444335938,1288.8103,1342.711181640625,1389.6246,,0.0
calibration,2024-11-11,14,4178,17582,3633.47705078125,,3328.6208,3474.273681640625,3633.477,3803.987548828125,3978.5479,,0.0
calibration,2024-11-11,15,58,17582,74.37686920166016,,44.48011,58.524845123291016,74.37687,91.85541915893555,111.226425,,0.0
calibration,2024-11-11,16,291,17582,264.9521484375,,197.30298,230.51605224609375,264.95215,300.20538330078125,338.34894,,0.0
calibration,2024-11-11,17,702,17582,624.0438232421875,,531.39,575.0121154785156,624.0438,677.1172180175781,733.4833,,0.0
calibration,2024-11-11,18,71,17582,88.34567260742188,,54.988304,70.99158096313477,88.34567,107.51120376586914,131.29984,,0.0
calibration,2024-11-11,19,1563,17582,1610.358642578125,,1344.8671,1455.4838256835938,1610.3586,1775.4951782226562,1921.5544,,0.0
calibration,2024-11-11,20,12,17582,39.40735626220703,,19.876379,28.678617477416992,39.407356,53.87800979614257,70.92261,,0.0
calibration,2024-11-11,21,30,17582,43.14988708496094,,24.807177,33.28763198852539,43.149887,53.56464958190918,64.19485,,0.0
calibration,2024-11-11,22,159,17582,198.102783203125,,151.49777,173.79444122314453,198.10278,223.40778350830078,248.85167,,0.0
calibration,2024-11-11,23,70,17582,79.3699722290039,,55.25206,66.90544891357422,79.36997,94.70556259155273,116.086945,,0.0
calibration,2024-11-11,24,139,17582,180.6775360107422,,142.71219,161.45448303222656,180.67754,200.29630279541016,222.54482,,0.0
calibration,2024-11-11,25,196,17582,166.69825744628906,,123.03142,143.66471099853516,166.69826,190.7025146484375,214.1105,,0.0
calibration,2024-11-11,26,90,17582,122.28628540039062,,80.90396,100.65425872802734,122.286285,146.3974151611328,171.92928,,0.0
calibration,2024-11-11,27,48,17582,59.451759338378906,,22.09919,38.69841384887695,59.45176,86.41095733642577,122.03259,,0.0
calibration,2024-11-11,28,68,17582,203.7755126953125,,141.55264,170.94569396972656,203.77551,239.80247497558594,284.66913,,0.0
calibration,2024-11-11,29,41,17582,65.82321166992188,,38.22173,51.081573486328125,65.82321,82.96347427368164,105.42834,,0.0
calibration,2024-11-11,30,343,17582,368.59039306640625,,306.962,338.4246520996094,368.5904,400.29200744628906,439.39142,,0.0
calibration,2024-11-11,31,155,17582,187.99935913085938,,121.83325,152.49046325683594,187.99936,228.2404327392578,269.71863,,0.0
calibration,2024-11-11,32,63,17582,59.64542007446289,,16.85102,36.13090133666992,59.64542,90.45176696777342,130.08249,,0.0
calibration,2024-11-11,33,17,17582,13.799030303955078,,4.217041,8.621639251708984,13.79903,20.3378791809082,32.66438,,0.0
calibration,2024-11-11,34,29,17582,51.818603515625,,20.730251,35.24059867858887,51.818604,70.69609069824219,88.941444,,0.0
calibration,2024-11-11,35,15,17582,26.187606811523438,,14.881151,19.866304397583008,26.187607,34.64439392089844,46.578465,,0.0
calibration,2024-11-11,36,724,17582,619.3431396484375,,493.84796,552.7060546875,619.34314,689.4325256347656,758.69904,,0.0
calibration,2024-11-11,37,34,17582,40.66798400878906,,14.389862,25.84944343566894,40.667984,59.94453239440917,86.97379,,0.0
calibration,2024-11-11,38,163,17582,248.11727905273438,,208.10175,227.3292236328125,248.11728,269.23712158203125,291.03708,,0.0
calibration,2024-11-11,39,127,17582,112.15807342529297,,81.8439,96.16643524169922,112.15807,129.7488555908203,149.3581,,0.0
calibration,2024-11-18,0,32,18827,15.414857864379883,,6.3732653,10.534351825714111,15.414858,21.11374282836914,28.074823,,0.0
calibration,2024-11-18,1,43,18827,42.45649719238281,,25.551064,33.2161922454834,42.456497,53.73195457458496,68.61743,,0.0
calibration,2024-11-18,2,338,18827,217.62017822265625,,128.11646,166.98369598388672,217.62018,268.880615234375,316.69965,,0.0
calibration,2024-11-18,3,1385,18827,1023.2872314453125,,876.8724,949.7012939453125,1023.28723,1100.5914306640625,1182.9385,,0.0
calibration,2024-11-18,4,119,18827,118.86277770996094,,89.823715,103.07550048828125,118.86278,136.02727508544922,155.4575,,0.0
calibration,2024-11-18,5,358,18827,300.96807861328125,,234.46103,267.715576171875,300.96808,333.03419494628906,364.21478,,0.0
calibration,2024-11-18,6,212,18827,134.24073791503906,,99.99132,115.59574508666992,134.24074,159.4181365966797,185.8195,,0.0
calibration,2024-11-18,7,234,18827,172.89215087890625,,128.20406,149.0799102783203,172.89215,197.9739532470703,223.6795,,0.0
calibration,2024-11-18,8,1594,18827,1680.321533203125,,1441.7863,1545.5233154296875,1680.3215,1847.7371826171875,2012.5228,,0.0
calibration,2024-11-18,9,26,18827,19.85523796081543,,13.786992,16.664118766784668,19.855238,23.374398231506348,27.252388,,0.0
calibration,2024-11-18,10,396,18827,177.98031616210938,,117.136925,146.22857666015625,177.98032,209.03430938720703,238.30823,,0.0
calibration,2024-11-18,11,1555,18827,1431.4124755859375,,1279.3988,1353.4209594726562,1431.4125,1508.1848754882812,1576.2927,,0.0
calibration,2024-11-18,12,1400,18827,1379.654296875,,1278.758,1329.4110717773438,1379.6543,1428.132568359375,1472.3054,,0.0
calibration,2024-11-18,13,1350,18827,1348.47216796875,,1241.9948,1294.4212646484375,1348.4722,1400.1361694335938,1445.7686,,0.0
calibration,2024-11-18,14,4334,18827,4034.8330078125,,3628.421,3821.514892578125,4034.833,4256.512939453125,4485.724,,0.0
calibration,2024-11-18,15,43,18827,77.51261901855469,,43.929295,59.19491958618164,77.51262,99.21003723144531,121.41427,,0.0
calibration,2024-11-18,16,200,18827,288.9797668457031,,229.13261,258.0582733154297,288.97977,320.61231994628906,356.31503,,0.0
calibration,2024-11-18,17,497,18827,698.8893432617188,,606.41626,650.2273254394531,698.88934,750.1626892089844,805.8717,,0.0
calibration,2024-11-18,18,143,18827,78.97346496582031,,51.384842,64.55611801147461,78.973465,95.08622360229492,114.97865,,0.0
calibration,2024-11-18,19,1342,18827,1574.193115234375,,1401.7238,1483.8969116210938,1574.1931,1663.6204223632812,1750.7734,,0.0
calibration,2024-11-18,20,17,18827,18.946577072143555,,6.059059,11.348769187927244,18.946577,31.015730857849118,47.501564,,0.0
calibration,2024-11-18,21,58,18827,38.91747283935547,,21.767485,29.611340522766113,38.917473,49.07208061218262,59.48565,,0.0
calibration,2024-11-18,22,198,18827,184.33956909179688,,136.99156,159.5746078491211,184.33957,210.0562286376953,235.36176,,0.0
calibration,2024-11-18,23,133,18827,75.68917846679688,,54.63976,64.58656883239746,75.68918,88.96947479248047,106.7686,,0.0
calibration,2024-11-18,24,152,18827,159.50439453125,,122.75978,140.12479400634766,159.5044,179.77696990966797,201.38136,,0.0
calibration,2024-11-18,25,210,18827,193.02349853515625,,147.0115,168.78571319580078,193.0235,217.6378631591797,241.37402,,0.0
calibration,2024-11-18,26,139,18827,138.85836791992188,,93.42915,115.03885650634766,138.85837,165.44400024414062,192.40222,,0.0
calibration,2024-11-18,27,51,18827,63.03239440917969,,29.961681,44.69587707519531,63.032394,86.06991577148438,115.59798,,0.0
calibration,2024-11-18,28,222,18827,100.18846130371094,,44.90371,65.37009620666504,100.18846,141.20103454589844,185.90967,,0.0
calibration,2024-11-18,29,140,18827,46.542327880859375,,29.47184,37.3714599609375,46.542328,57.61470603942871,71.041336,,0.0
calibration,2024-11-18,30,475,18827,343.4558410644531,,286.89822,314.3219909667969,343.45584,374.48602294921875,409.29675,,0.0
calibration,2024-11-18,31,280,18827,170.9500732421875,,115.0627,140.3883285522461,170.95007,209.6941680908203,249.92108,,0.0
calibration,2024-11-18,32,60,18827,76.25950622558594,,40.821877,56.69587707519531,76.25951,103.031192779541,144.01581,,0.0
calibration,2024-11-18,33,11,18827,17.344074249267578,,6.535858,11.413263320922852,17.344074,25.729057312011715,41.29185,,0.0
calibration,2024-11-18,34,22,18827,61.7037353515625,,23.076794,40.96835136413574,61.703735,84.86764526367188,105.81801,,0.0
calibration,2024-11-18,35,57,18827,18.356956481933594,,8.920485,12.97807788848877,18.356956,25.585922241210934,35.65835,,0.0
calibration,2024-11-18,36,591,18827,703.1853637695312,,564.39294,630.3259887695312,703.18536,776.8384094238281,847.9743,,0.0
calibration,2024-11-18,37,32,18827,27.781982421875,,9.26334,16.49627685546875,27.781982,41.2158088684082,58.669704,,0.0
calibration,2024-11-18,38,233,18827,197.56361389160156,,143.73537,169.83914184570312,197.56361,225.64559936523438,253.37102,,0.0
calibration,2024-11-18,39,145,18827,129.25811767578125,,97.62354,112.64846801757812,129.25812,147.33995056152344,167.66626,,0.0
calibration,2024-11-25,0,48,16032,14.540267944335938,,2.76544,8.070472240447998,14.540268,22.30611133575439,31.615648,,0.0
calibration,2024-11-25,1,82,16032,45.57494354248047,,28.159817,36.2385139465332,45.574944,56.86336898803711,71.96095,,0.0
calibration,2024-11-25,2,307,16032,276.333740234375,,186.70598,225.35529327392578,276.33374,322.78955078125,365.58023,,0.0
calibration,2024-11-25,3,1132,16032,1231.0135498046875,,1000.33875,1112.78564453125,1231.0135,1347.3438110351562,1463.27,,0.0
calibration,2024-11-25,4,94,16032,104.46482849121094,,76.58909,89.42662048339844,104.46483,121.14542007446289,139.87837,,0.0
calibration,2024-11-25,5,300,16032,317.0728759765625,,233.24121,274.9715118408203,317.07288,355.4411926269531,389.3652,,0.0
calibration,2024-11-25,6,176,16032,145.6653594970703,,103.65317,120.3405532836914,145.66536,189.52767944335938,228.88776,,0.0
calibration,2024-11-25,7,214,16032,198.6170654296875,,138.49345,166.66918182373047,198.61707,230.7122802734375,261.8615,,0.0
calibration,2024-11-25,8,1284,16032,1463.5582275390625,,1304.5568,1379.2066650390625,1463.5582,1586.679931640625,1709.507,,0.0
calibration,2024-11-25,9,25,16032,18.079931259155273,,10.176756,13.927226543426514,18.079931,22.90978240966797,29.250616,,0.0
calibration,2024-11-25,10,237,16032,266.0914001464844,,173.32753,215.40457153320312,266.0914,336.3918914794922,411.48117,,0.0
calibration,2024-11-25,11,1136,16032,1341.622802734375,,1179.0144,1257.9442138671875,1341.6228,1426.08740234375,1504.0131,,0.0
calibration,2024-11-25,12,1104,16032,1311.868408203125,,1186.399,1247.4685668945312,1311.8684,1366.2733154296875,1412.1152,,0.0
calibration,2024-11-25,13,1044,16032,1290.6700439453125,,1160.3319,1223.5518188476562,1290.67,1359.3030395507812,1418.3499,,0.0
calibration,2024-11-25,14,4073,16032,4131.7666015625,,3690.5808,3905.733154296875,4131.7666,4365.83837890625,4591.257,,0.0
calibration,2024-11-25,15,35,16032,47.00545883178711,,19.271019,32.112375259399414,47.00546,64.77021789550781,85.04005,,0.0
calibration,2024-11-25,16,221,16032,238.9935302734375,,161.09352,198.05554962158203,238.99353,278.9017028808594,318.29474,,0.0
calibration,2024-11-25,17,474,16032,523.753662109375,,409.40378,463.409912109375,523.75366,588.5362243652344,654.8129,,0.0
calibration,2024-11-25,18,109,16032,100.45137786865234,,53.719376,75.96517181396484,100.45138,125.92658615112305,154.11028,,0.0
calibration,2024-11-25,19,1079,16032,1411.1046142578125,,1246.3914,1322.1846923828125,1411.1046,1509.4623413085938,1598.4414,,0.0
calibration,2024-11-25,20,15,16032,18.746313095092773,,6.4019203,11.753578186035156,18.746313,30.176059722900387,46.45895,,0.0
calibration,2024-11-25,21,20,16032,40.419883728027344,,21.750528,30.460433959960938,40.419884,51.69679069519043,62.92221,,0.0
calibration,2024-11-25,22,153,16032,186.67486572265625,,139.76082,161.87060546875,186.67487,213.0962371826172,240.32893,,0.0
calibration,2024-11-25,23,94,16032,110.28376770019531,,74.30174,91.22065734863281,110.28377,135.30240631103516,169.18695,,0.0
calibration,2024-11-25,24,129,16032,133.10597229003906,,93.48993,112.3791389465332,133.10597,154.97832489013672,177.49182,,0.0
calibration,2024-11-25,25,100,16032,164.63291931152344,,118.3559,140.1484375,164.63292,189.94580078125,214.68684,,0.0
calibration,2024-11-25,26,109,16032,133.5548858642578,,91.209526,111.32503509521484,133.55489,157.70392608642578,182.45488,,0.0
calibration,2024-11-25,27,46,16032,50.144081115722656,,21.667908,34.490922927856445,50.14408,69.4471435546875,94.918655,,0.0
calibration,2024-11-25,28,251,16032,176.74285888671875,,85.28341,122.2964973449707,176.74286,235.0957489013672,287.73212,,0.0
calibration,2024-11-25,29,95,16032,88.9532241821289,,48.695736,66.89380264282227,88.953224,116.80070114135741,155.3671,,0.0
calibration,2024-11-25,30,399,16032,397.0888366699219,,302.5365,348.63999938964844,397.08884,447.71856689453125,507.67584,,0.0
calibration,2024-11-25,31,274,16032,216.77713012695312,,115.38808,155.70614624023438,216.77713,286.32810974121094,337.27356,,0.0
calibration,2024-11-25,32,41,16032,72.76093292236328,,37.135365,53.662200927734375,72.76093,98.30347442626952,136.03018,,0.0
calibration,2024-11-25,33,17,16032,14.407730102539062,,5.9495087,9.92999267578125,14.40773,20.47593307495117,32.094353,,0.0
calibration,2024-11-25,34,18,16032,24.134754180908203,,0.0,6.1939067840576145,24.134754,43.26861953735351,61.512573,,0.0
calibration,2024-11-25,35,10,16032,35.46384811401367,,16.506931,23.68146324157715,35.46385,52.595161437988274,73.1008,,0.0
calibration,2024-11-25,36,743,16032,618.5108642578125,,492.29987,551.196533203125,618.51086,690.1608276367188,762.1118,,0.0
calibration,2024-11-25,37,39,16032,27.89368438720703,,8.328083,16.638765335083008,27.893684,41.04009437561035,57.60229,,0.0
calibration,2024-11-25,38,203,16032,225.46771240234375,,174.99007,199.78852081298828,225.46771,251.3953094482422,277.16245,,0.0
calibration,2024-11-25,39,102,16032,125.11568450927734,,94.31515,108.99871063232422,125.115685,142.68558502197266,162.28445,,0.0
calibration,2024-12-02,0,40,20267,27.13485336303711,,9.168101,15.973635673522947,27.134853,42.11203002929687,57.07888,,0.0
calibration,2024-12-02,1,62,20267,70.08124542236328,,44.12845,55.98920249938965,70.081245,88.19894027709961,115.09484,,0.0
calibration,2024-12-02,2,246,20267,299.3478698730469,,206.80032,249.46953582763672,299.34787,346.73016357421875,392.14957,,0.0
calibration,2024-12-02,3,1574,20267,1244.37353515625,,1067.8523,1155.659912109375,1244.3735,1336.3587646484375,1434.7002,,0.0
calibration,2024-12-02,4,114,20267,101.89747619628906,,73.7137,86.25258255004883,101.89748,121.10905456542969,143.31801,,0.0
calibration,2024-12-02,5,373,20267,312.03009033203125,,231.68265,271.4631042480469,312.0301,351.5569152832031,389.28915,,0.0
calibration,2024-12-02,6,144,20267,167.5185089111328,,120.23382,140.2565689086914,167.51851,202.95887756347656,237.48386,,0.0
calibration,2024-12-02,7,297,20267,197.87075805664062,,142.83041,168.51463317871094,197.87076,227.86869049072266,257.34872,,0.0
calibration,2024-12-02,8,1726,20267,1675.408203125,,1448.3792,1550.9986572265625,1675.4082,1799.625732421875,1915.2803,,0.0
calibration,2024-12-02,9,19,20267,25.114778518676758,,16.13284,20.52836036682129,25.114779,30.053311347961426,36.12263,,0.0
calibration,2024-12-02,10,449,20267,246.84719848632812,,145.53922,192.13507843017578,246.8472,319.3726806640625,400.89322,,0.0
calibration,2024-12-02,11,1560,20267,1516.794921875,,1314.666,1411.2554931640625,1516.7949,1613.7073974609375,1705.0574,,0.0
calibration,2024-12-02,12,1345,20267,1357.7607421875,,1221.0168,1290.1053466796875,1357.7607,1424.3917236328125,1483.2341,,0.0
calibration,2024-12-02,13,1524,20267,1352.2767333984375,,1205.0406,1277.7705078125,1352.2767,1423.894775390625,1484.17,,0.0
calibration,2024-12-02,14,4891,20267,4227.162109375,,3785.4077,4004.560302734375,4227.162,4459.23974609375,4692.75,,0.0
calibration,2024-12-02,15,22,20267,61.96624755859375,,27.97652,43.262760162353516,61.966248,89.00517654418944,117.148636,,0.0
calibration,2024-12-02,16,205,20267,225.28494262695312,,159.889,191.6166763305664,225.28494,261.1938934326172,302.18707,,0.0
calibration,2024-12-02,17,722,20267,588.5511474609375,,454.98093,516.8603363037109,588.55115,695.247314453125,803.44824,,0.0
calibration,2024-12-02,18,196,20267,115.56187438964844,,71.52493,92.6511459350586,115.561874,139.29076385498047,166.72897,,0.0
calibration,2024-12-02,19,1463,20267,1276.2425537109375,,1054.2428,1164.1530151367188,1276.2426,1412.1375122070312,1541.5723,,0.0
calibration,2024-12-02,20,14,20267,17.219802856445312,,6.9981728,11.29832649230957,17.219803,25.560549736022946,37.980827,,0.0
calibration,2024-12-02,21,51,20267,37.10322570800781,,16.550814,25.683834075927734,37.103226,51.738018035888665,65.93257,,0.0
calibration,2024-12-02,22,155,20267,190.53968811035156,,138.8577,162.9629135131836,190.53969,227.36498260498047,265.79883,,0.0
calibration,2024-12-02,23,106,20267,98.83949279785156,,69.10132,83.43986511230469,98.83949,116.78515625,141.37396,,0.0
calibration,2024-12-02,24,177,20267,141.31031799316406,,104.54215,122.12758255004883,141.31032,162.01229858398438,184.88606,,0.0
calibration,2024-12-02,25,210,20267,191.7281494140625,,133.59946,160.85943603515625,191.72815,220.67674255371094,247.6906,,0.0
calibration,2024-12-02,26,109,20267,127.66091918945312,,81.33003,103.94118118286133,127.66092,153.1826629638672,179.19405,,0.0
calibration,2024-12-02,27,42,20267,55.16253662109375,,31.726357,42.44668960571289,55.162537,71.87535095214844,98.4082,,0.0
calibration,2024-12-02,28,274,20267,196.86618041992188,,102.351875,140.73670196533203,196.86618,248.22058868408203,292.46643,,0.0
calibration,2024-12-02,29,161,20267,92.23371887207031,,45.696964,66.4218521118164,92.23372,122.72907257080077,163.74248,,0.0
calibration,2024-12-02,30,423,20267,420.2662658691406,,329.28635,372.6618194580078,420.26627,471.08909606933594,533.90015,,0.0
calibration,2024-12-02,31,242,20267,247.248291015625,,154.78864,197.3536605834961,247.24829,296.1083679199219,337.55084,,0.0
calibration,2024-12-02,32,50,20267,48.650917053222656,,21.291786,33.328697204589844,48.650917,69.93659782409668,103.25844,,0.0
calibration,2024-12-02,33,11,20267,16.9345703125,,6.8637924,11.47089958190918,16.93457,24.16858100891113,38.388947,,0.0
calibration,2024-12-02,34,25,20267,45.122161865234375,,12.6741905,27.254798889160153,45.12216,72.15354919433592,97.41469,,0.0
calibration,2024-12-02,35,22,20267,21.127887725830078,,7.2464714,11.9860258102417,21.127888,37.935304641723626,56.712074,,0.0
calibration,2024-12-02,36,689,20267,701.3795166015625,,564.7922,628.5411987304688,701.3795,776.6728515625,851.46704,,0.0
calibration,2024-12-02,37,46,20267,35.00322341918945,,14.301067,23.226716995239258,35.003223,48.30499839782715,65.784485,,0.0
calibration,2024-12-02,38,316,20267,217.77447509765625,,167.5412,192.37728118896484,217.77448,243.52760314941406,269.49503,,0.0
calibration,2024-12-02,39,172,20267,112.66289520263672,,79.293755,95.04196166992188,112.662895,132.21285247802734,154.58546,,0.0
calibration,2024-12-09,0,21,20179,33.15683364868164,,13.374461,21.749642372131348,33.156834,45.10365295410156,57.902733,,0.0
calibration,2024-12-09,1,86,20179,61.77617263793945,,42.301964,51.318878173828125,61.776173,73.90098571777344,90.623215,,0.0
calibration,2024-12-09,2,265,20179,250.22396850585938,,170.35966,209.2615203857422,250.22397,290.1212615966797,331.28583,,0.0
calibration,2024-12-09,3,1301,20179,1438.8203125,,1160.615,1299.0783081054688,1438.8203,1574.395751953125,1713.774,,0.0
calibration,2024-12-09,4,118,20179,112.38338470458984,,84.386566,97.21455764770508,112.383385,129.47789001464844,149.42834,,0.0
calibration,2024-12-09,5,344,20179,349.08734130859375,,263.25012,306.59010314941406,349.08734,389.17572021484375,425.39258,,0.0
calibration,2024-12-09,6,211,20179,158.3807830810547,,117.30949,135.30530548095703,158.38078,187.4936294555664,216.21616,,0.0
calibration,2024-12-09,7,243,20179,224.4231414794922,,157.01454,186.00697326660156,224.42314,270.4044494628906,311.36023,,0.0
calibration,2024-12-09,8,1661,20179,1642.386962890625,,1399.4674,1511.3177490234375,1642.387,1772.345703125,1895.0691,,0.0
calibration,2024-12-09,9,32,20179,23.84808349609375,,15.147259,19.344894409179688,23.848083,30.513998031616207,38.7116,,0.0
calibration,2024-12-09,10,390,20179,357.72625732421875,,195.10873,264.9406509399414,357.72626,459.99957275390625,566.0553,,0.0
calibration,2024-12-09,11,1599,20179,1495.61572265625,,1275.7697,1381.2447509765625,1495.6157,1593.4940185546875,1680.1826,,0.0
calibration,2024-12-09,12,1368,20179,1322.12451171875,,1193.2312,1258.7383422851562,1322.1245,1382.1390380859375,1433.292,,0.0
calibration,2024-12-09,13,1421,20179,1405.69677734375,,1258.5845,1330.942626953125,1405.6968,1476.1784057617188,1537.5065,,0.0
calibration,2024-12-09,14,5168,20179,4747.50390625,,4118.3784,4438.2109375,4747.504,5051.837890625,5344.8594,,0.0
calibration,2024-12-09,15,30,20179,43.782833099365234,,6.660988,23.09919738769531,43.782833,73.51078033447264,105.55495,,0.0
calibration,2024-12-09,16,313,20179,210.86895751953125,,158.03177,183.38018798828125,210.86896,241.41008758544922,280.19327,,0.0
calibration,2024-12-09,17,701,20179,672.69677734375,,549.8346,607.7860717773438,672.6968,744.9994201660156,823.84283,,0.0
calibration,2024-12-09,18,167,20179,159.88037109375,,98.89621,127.96720504760742,159.88037,195.12680053710938,233.1784,,0.0
calibration,2024-12-09,19,1230,20179,1432.369384765625,,1253.3533,1339.7299194335938,1432.3694,1533.8412475585938,1635.4519,,0.0
calibration,2024-12-09,20,29,20179,15.046869277954102,,7.097418,10.490243911743164,15.046869,22.03223323822021,35.022514,,0.0
calibration,2024-12-09,21,42,20179,41.06698989868164,,21.280994,30.44449806213379,41.06699,54.30277252197265,68.67472,,0.0
calibration,2024-12-09,22,173,20179,169.6884307861328,,124.00296,145.4976577758789,169.68843,196.52973175048828,225.32239,,0.0
calibration,2024-12-09,23,153,20179,103.74662780761719,,76.26479,89.35390090942383,103.74663,121.56250762939453,148.33601,,0.0
calibration,2024-12-09,24,148,20179,148.3859100341797,,111.44026,128.79706192016602,148.38591,168.83436584472656,191.10178,,0.0
calibration,2024-12-09,25,160,20179,187.90370178222656,,132.99707,159.02909088134766,187.9037,217.19564056396484,245.32289,,0.0
calibration,2024-12-09,26,130,20179,113.06779479980469,,72.69345,92.292724609375,113.067795,135.3310775756836,159.00975,,0.0
calibration,2024-12-09,27,40,20179,46.662967681884766,,26.63831,36.18693923950195,46.662968,59.25743865966797,77.51754,,0.0
calibration,2024-12-09,28,230,20179,225.79891967773438,,114.77274,160.0768280029297,225.79892,277.2597351074219,314.59982,,0.0
calibration,2024-12-09,29,222,20179,124.78518676757812,,61.207428,88.38384246826172,124.78519,170.0548858642578,227.96432,,0.0
calibration,2024-12-09,30,435,20179,406.6424560546875,,326.35803,365.08624267578125,406.64246,450.67832946777344,501.94336,,0.0
calibration,2024-12-09,31,296,20179,239.25845336914062,,155.07838,194.75922393798828,239.25845,281.359619140625,321.65063,,0.0
calibration,2024-12-09,32,67,20179,53.08203887939453,,24.710213,37.51542282104492,53.08204,74.65227127075195,110.69593,,0.0
calibration,2024-12-09,33,18,20179,14.010299682617188,,5.531334,9.581140518188477,14.0103,19.92676734924316,33.037437,,0.0
calibration,2024-12-09,34,32,20179,37.61370849609375,,2.8619995,19.049783706665036,37.61371,60.76176643371581,83.14779,,0.0
calibration,2024-12-09,35,28,20179,24.037763595581055,,9.73233,15.025304794311523,24.037764,39.13227272033691,56.495804,,0.0
calibration,2024-12-09,36,681,20179,697.4973754882812,,558.606,623.4958801269531,697.4974,773.7484741210938,847.30273,,0.0
calibration,2024-12-09,37,56,20179,41.03376770019531,,16.209686,27.40848731994629,41.033768,58.26411628723144,83.447624,,0.0
calibration,2024-12-09,38,404,20179,258.02288818359375,,198.95291,227.7526092529297,258.0229,288.9984588623047,319.592,,0.0
calibration,2024-12-09,39,166,20179,151.63119506835938,,105.48034,127.5185546875,151.6312,176.1728515625,202.57352,,0.0
calibration,2024-12-16,0,14,19112,24.467891693115234,,8.764062,15.822878837585447,24.467892,34.52730751037598,46.106865,,0.0
calibration,2024-12-16,1,127,19112,78.51404571533203,,49.66845,63.07738494873047,78.514046,95.36639785766602,117.211655,,0.0
calibration,2024-12-16,2,222,19112,252.89373779296875,,170.42929,209.76639556884766,252.89374,294.5673065185547,335.66794,,0.0
calibration,2024-12-16,3,1277,19112,1274.272216796875,,1042.0918,1157.4595947265625,1274.2722,1389.4578247070312,1505.2014,,0.0
calibration,2024-12-16,4,112,19112,107.5941390991211,,80.15411,92.85525894165039,107.59414,124.04722213745117,143.58725,,0.0
calibration,2024-12-16,5,299,19112,328.714111328125,,248.31235,288.7137756347656,328.7141,365.50596618652344,397.47775,,0.0
calibration,2024-12-16,6,175,19112,177.189453125,,130.26045,152.13865661621094,177.18945,203.80406188964844,231.0314,,0.0
calibration,2024-12-16,7,182,19112,219.42196655273438,,156.65327,184.86042022705078,219.42197,255.75791931152344,288.8092,,0.0
calibration,2024-12-16,8,1805,19112,1518.9898681640625,,1346.5574,1430.1469116210938,1518.9899,1605.6987915039062,1689.0881,,0.0
calibration,2024-12-16,9,17,19112,26.50765609741211,,16.3115,21.20046901702881,26.507656,32.45637798309326,40.146164,,0.0
calibration,2024-12-16,10,354,19112,334.206787109375,,209.58209,266.9464569091797,334.2068,399.32781982421875,469.13406,,0.0
calibration,2024-12-16,11,1429,19112,1465.3848876953125,,1260.9314,1360.9032592773438,1465.3849,1566.5709228515625,1657.7954,,0.0
calibration,2024-12-16,12,1506,19112,1309.1412353515625,,1171.2256,1240.7403564453125,1309.1412,1373.4629516601562,1427.6432,,0.0
calibration,2024-12-16,13,1399,19112,1338.0625,,1186.4857,1261.516845703125,1338.0625,1409.1485595703125,1469.4417,,0.0
calibration,2024-12-16,14,4681,19112,4979.1318359375,,4396.1187,4698.218017578125,4979.132,5259.24072265625,5536.26,,0.0
calibration,2024-12-16,15,37,19112,34.72300720214844,,4.319084,18.24577140808105,34.723007,58.01496315002441,83.64911,,0.0
calibration,2024-12-16,16,177,19112,266.5663757324219,,184.62949,220.8505401611328,266.56638,312.7885284423828,357.3399,,0.0
calibration,2024-12-16,17,669,19112,657.1301879882812,,534.036,592.3694763183594,657.1302,724.2631225585938,794.18,,0.0
calibration,2024-12-16,18,135,19112,144.83856201171875,,87.88602,115.05840301513672,144.83856,174.25396728515625,204.81172,,0.0
calibration,2024-12-16,19,1354,19112,1323.2596435546875,,1133.4579,1224.1032104492188,1323.2596,1441.009033203125,1550.1555,,0.0
calibration,2024-12-16,20,21,19112,21.30251693725586,,5.820095,12.354552268981932,21.302517,35.303736686706536,54.527977,,0.0
calibration,2024-12-16,21,49,19112,40.815555572509766,,20.917131,30.240988731384277,40.815556,52.02779960632324,64.075615,,0.0
calibration,2024-12-16,22,186,19112,165.56924438476562,,123.11109,143.25273895263672,165.56924,188.80040740966797,212.34735,,0.0
calibration,2024-12-16,23,143,19112,132.24673461914062,,90.724655,109.3499984741211,132.24673,160.09420013427734,194.91498,,0.0
calibration,2024-12-16,24,185,19112,142.9488067626953,,109.61321,125.75006866455078,142.9488,161.04434204101562,180.59518,,0.0
calibration,2024-12-16,25,97,19112,169.27015686035156,,118.52696,142.62376403808594,169.27016,196.15486907958984,221.65085,,0.0
calibration,2024-12-16,26,118,19112,109.66213989257812,,70.752396,89.21055221557617,109.66214,131.19478607177734,152.88481,,0.0
calibration,2024-12-16,27,29,19112,40.81594467163086,,29.600483,35.11889839172363,40.815945,48.49926948547363,63.411278,,0.0
calibration,2024-12-16,28,194,19112,210.39004516601562,,105.466225,149.5841064453125,210.39005,256.5355453491211,296.03827,,0.0
calibration,2024-12-16,29,144,19112,181.9228515625,,98.54016,134.2967529296875,181.92285,233.53707122802734,287.26404,,0.0
calibration,2024-12-16,30,415,19112,407.8277282714844,,319.52942,362.26158142089844,407.82773,455.1051025390625,508.96478,,0.0
calibration,2024-12-16,31,257,19112,255.3820037841797,,163.10587,206.47842407226562,255.382,301.65460205078125,349.6259,,0.0
calibration,2024-12-16,32,147,19112,62.038204193115234,,28.938019,43.68884468078613,62.038204,86.91225814819335,127.50299,,0.0
calibration,2024-12-16,33,15,19112,15.152088165283203,,6.3223114,10.687820434570312,15.152088,20.729450225830078,31.794037,,0.0
calibration,2024-12-16,34,12,19112,32.32324981689453,,1.4139938,15.966798782348631,32.32325,53.47703742980956,74.987854,,0.0
calibration,2024-12-16,35,30,19112,26.732242584228516,,12.178267,17.9100284576416,26.732243,38.39384841918945,52.99015,,0.0
calibration,2024-12-16,36,541,19112,683.6451416015625,,550.60095,612.8309326171875,683.64514,756.280029296875,825.797,,0.0
calibration,2024-12-16,37,136,19112,50.253082275390625,,24.613018,36.3624267578125,50.253082,69.2826976776123,101.07764,,0.0
calibration,2024-12-16,38,217,19112,303.6943359375,,213.37717,257.4862518310547,303.69434,365.54859924316406,426.96204,,0.0
calibration,2024-12-16,39,205,19112,153.1252899169922,,106.91127,129.01291275024414,153.12529,176.87793731689453,201.46404,,0.0
calibration,2024-12-23,0,21,15816,16.845417022705078,,3.6103497,9.476751327514647,16.845417,25.81825447082519,36.36838,,0.0
calibration,2024-12-23,1,165,15816,105.37478637695312,,70.30758,85.54309844970703,105.37479,135.54129028320312,174.55797,,0.0
calibration,2024-12-23,2,157,15816,215.65704345703125,,131.0848,171.59296417236328,215.65704,259.1259765625,303.02045,,0.0
calibration,2024-12-23,3,937,15816,1218.421142578125,,1002.386,1107.6817016601562,1218.4211,1330.971923828125,1445.9209,,0.0
calibration,2024-12-23,4,54,15816,97.73469543457031,,72.32978,84.2945327758789,97.734695,112.45185470581055,130.3431,,0.0
calibration,2024-12-23,5,265,15816,294.56719970703125,,215.37286,254.799072265625,294.5672,332.56724548339844,366.8064,,0.0
calibration,2024-12-23,6,157,15816,156.0771942138672,,111.82267,132.68383026123047,156.0772,185.94451904296875,215.19753,,0.0
calibration,2024-12-23,7,142,15816,194.44070434570312,,137.29213,164.18982696533203,194.4407,225.46175384521484,255.46767,,0.0
calibration,2024-12-23,8,1471,15816,1503.7503662109375,,1219.1293,1347.4115600585938,1503.7504,1670.106201171875,1812.6432,,0.0
calibration,2024-12-23,9,14,15816,18.332538604736328,,8.881905,13.420692920684814,18.332539,23.852553367614746,30.741005,,0.0
calibration,2024-12-23,10,290,15816,296.48822021484375,,179.48685,235.38821411132812,296.48822,358.28111267089844,426.2036,,0.0
calibration,2024-12-23,11,1020,15816,1317.69873046875,,1127.3452,1219.1519165039062,1317.6987,1431.0501098632812,1535.1693,,0.0
calibration,2024-12-23,12,1297,15816,1302.4932861328125,,1063.036,1172.5923461914062,1302.4933,1442.5204467773438,1559.2188,,0.0
calibration,2024-12-23,13,1135,15816,1250.7650146484375,,1085.3728,1165.3966674804688,1250.765,1343.2556762695312,1422.1969,,0.0
calibration,2024-12-23,14,3727,15816,4528.787109375,,4041.356,4286.0205078125,4528.787,4782.378662109375,5041.0527,,0.0
calibration,2024-12-23,15,45,15816,32.3497200012207,,3.2756805,16.7348518371582,32.34972,53.06040382385253,76.955605,,0.0
calibration,2024-12-23,16,130,15816,202.53656005859375,,131.41069,163.37946319580078,202.53656,245.30587005615234,293.16867,,0.0
calibration,2024-12-23,17,420,15816,579.8450317382812,,456.51413,514.8660278320312,579.84503,648.2044982910156,719.05707,,0.0
calibration,2024-12-23,18,79,15816,120.8731460571289,,70.71623,94.52478408813477,120.873146,147.80423736572266,175.94608,,0.0
calibration,2024-12-23,19,1240,15816,1335.86572265625,,1143.7878,1234.2327270507812,1335.8657,1475.8258056640625,1613.057,,0.0
calibration,2024-12-23,20,18,15816,19.994970321655273,,6.9960194,12.556038856506348,19.99497,29.793723106384274,44.86713,,0.0
calibration,2024-12-23,21,33,15816,37.71462631225586,,19.156271,27.71241855621338,37.714626,51.54870986938476,66.469604,,0.0
calibration,2024-12-23,22,164,15816,171.49717712402344,,127.74678,148.49437713623047,171.49718,195.2712173461914,219.36012,,0.0
calibration,2024-12-23,23,87,15816,120.74461364746094,,84.219185,101.52563858032227,120.74461,142.88780212402344,170.42188,,0.0
calibration,2024-12-23,24,127,15816,142.14227294921875,,103.08947,121.99086380004883,142.14227,163.27525329589844,186.77542,,0.0
calibration,2024-12-23,25,134,15816,114.40713500976562,,62.762535,87.15369033813477,114.407135,142.8859634399414,170.44054,,0.0
calibration,2024-12-23,26,72,15816,103.56341552734375,,64.91309,83.29032516479492,103.563416,124.90486145019531,148.02884,,0.0
calibration,2024-12-23,27,33,15816,32.62813949584961,,16.53862,24.314830780029297,32.62814,42.5216007232666,57.637722,,0.0
calibration,2024-12-23,28,159,15816,186.28134155273438,,89.86948,129.0855484008789,186.28134,230.9448699951172,271.7215,,0.0
calibration,2024-12-23,29,153,15816,116.32621765136719,,47.45061,79.34330368041992,116.32622,156.68824768066406,205.33813,,0.0
calibration,2024-12-23,30,335,15816,385.04644775390625,,301.43112,342.28880310058594,385.04645,429.93299865722656,483.63644,,0.0
calibration,2024-12-23,31,275,15816,234.73464965820312,,155.60173,193.79817962646484,234.73465,270.4604949951172,307.37003,,0.0
calibration,2024-12-23,32,171,15816,125.19208526611328,,58.884865,84.97972869873047,125.192085,169.4102325439453,214.92686,,0.0
calibration,2024-12-23,33,14,15816,14.636680603027344,,6.1279297,10.283790588378906,14.636681,20.2200870513916,31.895226,,0.0
calibration,2024-12-23,34,15,15816,10.843986511230469,,0.0,0.0,10.8439865,29.23469161987304,47.899254,,0.0
calibration,2024-12-23,35,17,15816,26.346843719482422,,10.209599,16.686138153076172,26.346844,39.19750976562499,55.52829,,0.0
calibration,2024-12-23,36,640,15816,607.17529296875,,467.61887,532.85009765625,607.1753,684.2128295898438,757.0214,,0.0
calibration,2024-12-23,37,171,15816,105.07244110107422,,51.884506,71.74811553955078,105.07244,151.45821380615234,204.1164,,0.0
calibration,2024-12-23,38,207,15816,216.857421875,,142.17657,177.9670181274414,216.85742,268.74190521240234,319.09076,,0.0
calibration,2024-12-23,39,225,15816,161.69757080078125,,112.60034,136.11080932617188,161.69757,187.45480346679688,214.2533,,0.0
